Time (Sec);S4;S1;S2;S3;S5;
0.0;19160.0;19160.0;19160.0;19160.0;19160.0;
0.13634000000000002;19160.0;19159.9885168;19159.9885168;19159.9885168;19160.0;
0.23634000000000002;19160.0;19159.9885168;19159.9885168;19159.9885168;19160.0;
0.33634;19160.0;19159.9885168;19159.9885168;19159.9885168;19160.0;
0.4363399999999999;19160.0;19159.9885168;19159.9885168;19159.9885168;19160.0;
0.5363399999999999;19160.0;19159.9885168;19159.9885168;19159.9885168;19160.0;
0.6126666666666666;19160.0;19159.9885168;19159.9885168;19159.9885168;19160.0;
0.7126666666666666;19160.0;19159.9885168;19159.9885168;19159.9885168;19160.0;
0.8269999999999998;19160.0;19159.9885168;19159.9885168;19159.9885168;19160.0;
0.9363399999999998;19160.0;19159.9885168;19159.9885168;19159.9885168;19160.0;
1.0363399999999998;19160.0;19159.9885168;19159.9885168;19159.9885168;19160.0;
1.13634;19160.0;19159.9885168;19159.9885168;19159.9885168;19160.0;
1.2363399999999998;19160.0;19159.9885168;19159.9885168;19159.9885168;19160.0;
1.3363399999999996;19160.0;19159.9885168;19159.9885168;19159.9885168;19160.0;
1.4129999999999996;19160.0;19159.9885168;19159.9885168;19159.9885168;19160.0;
1.5129999999999995;19160.0;19159.9885168;19159.9885168;19159.9885168;19160.0;
1.6273333333333326;19160.0;19159.9885168;19159.9885168;19159.9885168;19160.0;
1.7363399999999993;19160.0;19159.9885168;19159.9885168;19159.9885168;19160.0;
1.8363399999999994;19160.0;19159.9885168;19159.9885168;19159.9885168;19160.0;
1.9363399999999993;19160.0;19159.9885168;19159.9885168;19159.9885168;19160.0;
2.036339999999999;19160.0;19159.9885168;19159.9885168;19159.9885168;19160.0;
2.1363399999999997;19160.0;19159.9885168;19159.9885168;19159.9885168;19160.0;
2.2133333333333334;19160.0;19159.9885168;19159.9885168;19159.9885168;19160.0;
2.313333333333334;19160.0;19159.9885168;19159.9885168;19159.9885168;19160.0;
2.4276666666666675;19160.0;19159.9885168;19159.9885168;19159.9885168;19160.0;
2.536340000000001;19160.0;19159.9885168;19159.9885168;19159.9885168;19160.0;
2.6363400000000015;19160.0;19159.9885168;19159.9885168;19159.9885168;19160.0;
2.736340000000002;19160.0;19159.9885168;19159.9885168;19159.9885168;19160.0;
2.8363400000000025;19160.0;19159.9885168;19159.9885168;19159.9885168;19160.0;
2.936340000000003;19160.0;19159.9885168;19159.9885168;19159.9885168;19160.0;
3.01366666666667;19160.0;19159.9885168;19159.9885168;19159.9885168;19160.0;
3.11366666666667;19160.0;19159.9885168;19159.9885168;19159.9885168;19160.0;
3.2280000000000038;19160.0;19159.9885168;19159.9885168;19159.9885168;19160.0;
3.336340000000004;19160.0;19159.9885168;19159.9885168;19159.9885168;19160.0;
3.436340000000004;19160.0;19159.9885168;19159.9885168;19159.9885168;19160.0;
3.5363400000000045;19160.0;19159.9885168;19159.9885168;19159.9885168;19160.0;
3.6363400000000046;19160.0;19159.9885168;19159.9885168;19159.9885168;19160.0;
3.736340000000005;19160.0;19159.9885168;19159.9885168;19159.9885168;19160.0;
3.8140000000000054;19160.0;19159.9885168;19159.9885168;19159.9885168;19160.0;
3.9140000000000055;19160.0;19159.9885168;19159.9885168;19159.9885168;19160.0;
4.0283333333333395;19160.0;19159.9885168;19159.9885168;19159.9885168;19160.0;
4.136340000000006;19160.0;19159.9885168;19159.9885168;19159.9885168;19160.0;
4.2363400000000055;19160.0;19159.9885168;19159.9885168;19159.9885168;19160.0;
4.336340000000005;19160.0;19159.9885168;19159.9885168;19159.9885168;19160.0;
4.436340000000005;19160.0;19159.9885168;19159.9885168;19159.9885168;19160.0;
4.500000000000005;19160.0;19159.9885168;19159.9885168;19159.9885168;19160.0;
4.600000000000006;19160.0;19159.9885168;19159.9885168;19159.9885168;19160.0;
4.7143333333333395;19160.0;19159.9885168;19159.9885168;19159.9885168;19160.0;
4.828666666666672;19160.0;19159.9885168;19159.9885168;19159.9885168;19160.0;
4.936340000000006;19160.0;19159.9885168;19159.9885168;19159.9885168;19160.0;
5.036340000000005;19160.0;19159.9885168;19159.9885168;19159.9885168;19160.0;
5.136340000000006;19160.0;19159.9885168;19159.9885168;19159.9885168;19160.0;
5.236340000000006;19160.0;19159.9885168;19159.9885168;19159.9885168;19160.0;
5.30033333333334;19160.0;19159.9885168;19159.9885168;19159.9885168;19160.0;
5.400333333333339;19160.0;19159.9885168;19159.9885168;19159.9885168;19160.0;
5.514666666666673;19160.0;19159.9885168;19159.9885168;19159.9885168;19160.0;
5.629000000000007;19160.0;19159.9885168;19159.9885168;19159.9885168;19160.0;
5.736340000000007;19160.0;19159.9885168;19159.9885168;19159.9885168;19160.0;
5.836340000000008;19160.0;19159.9885168;19159.9885168;19159.9885168;19160.0;
5.9363400000000075;19160.0;19159.9885168;19159.9885168;19159.9885168;19160.0;
6.036340000000007;19160.0;19159.9885168;19159.9885168;19159.9885168;19160.0;
6.100666666666674;19160.0;19159.9885168;19159.9885168;19159.9885168;19160.0;
6.200666666666675;19160.0;19159.9885168;19159.9885168;19159.9885168;19160.0;
6.3150000000000075;19160.0;19159.9885168;19159.9885168;19159.9885168;19160.0;
6.42933333333334;19160.0;19159.9885168;19159.9885168;19159.9885168;19160.0;
6.536340000000007;19160.0;19159.9885168;19159.9885168;19159.9885168;19160.0;
6.636340000000008;19160.0;19159.9885168;19159.9885168;19159.9885168;19160.0;
6.736340000000008;19160.0;19159.9885168;19159.9885168;19159.9885168;19160.0;
6.836340000000008;19160.0;19159.9885168;19159.9885168;19159.9885168;19160.0;
6.901000000000008;19160.0;19159.9885168;19159.9885168;19159.9885168;19160.0;
7.001000000000007;19160.0;19159.9885168;19159.9885168;19159.9885168;19160.0;
7.115333333333341;19160.0;19159.9885168;19159.9885168;19159.9885168;19160.0;
7.229666666666675;19160.0;19159.9885168;19159.9885168;19159.9885168;19160.0;
7.336340000000009;19160.0;19159.9885168;19159.9885168;19159.9885168;19160.0;
7.436340000000008;19160.0;19159.9885168;19159.9885168;19159.9885168;19160.0;
7.536340000000008;19160.0;19159.9885168;19159.9885168;19159.9885168;19160.0;
7.636340000000008;19160.0;19159.9885168;19159.9885168;19159.9885168;19160.0;
7.701333333333341;19160.0;19159.9885168;19159.9885168;19159.9885168;19160.0;
7.801333333333342;19160.0;19159.9885168;19159.9885168;19159.9885168;19160.0;
7.915666666666675;19160.0;19159.9885168;19159.9885168;19159.9885168;19160.0;
8.030000000000008;19160.0;19159.9885168;19159.9885168;19159.9885168;19160.0;
8.136340000000008;19160.0;19159.9885168;19159.9885168;19159.9885168;19160.0;
8.236340000000007;19160.0;19159.9885168;19159.9885168;19159.9885168;19160.0;
8.336340000000007;19160.0;19159.9885168;19159.9885168;19159.9885168;19160.0;
8.436340000000007;19160.0;19159.9885168;19159.9885168;19159.9885168;19160.0;
8.501666666666672;19160.0;19159.9885168;19159.9885168;19159.9885168;19160.0;
8.601666666666672;19160.0;19159.9885168;19159.9885168;19159.9885168;19160.0;
8.716000000000003;19160.0;19159.9885168;19159.9885168;19159.9885168;19160.0;
8.830333333333336;19160.0;19159.9885168;19159.9885168;19159.9885168;19160.0;
8.936340000000001;19160.0;19159.9885168;19159.9885168;19159.9885168;19160.0;
9.036340000000001;19160.0;19159.9885168;19159.9885168;19159.9885168;19160.0;
9.13634;19160.0;19159.9885168;19159.9885168;19159.9885168;19160.0;
9.23634;19160.0;19159.9885168;19159.9885168;19159.9885168;19160.0;
9.302;19160.0;19159.9885168;19159.9885168;19159.9885168;19160.0;
9.402;19160.0;19159.9885168;19159.9885168;19159.9885168;19160.0;
9.516333333333332;19160.0;19159.9885168;19159.9885168;19159.9885168;19160.0;
9.630666666666663;19160.0;19159.9885168;19159.9885168;19159.9885168;19160.0;
9.736339999999997;19160.0;19159.9885168;19159.9885168;19159.9885168;19160.0;
9.836339999999996;19160.0;19159.9885168;19159.9885168;19159.9885168;19160.0;
9.936339999999994;19160.0;19159.9885168;19159.9885168;19159.9885168;19160.0;
10.036339999999994;19160.0;19159.9885168;19159.9885168;19159.9885168;19160.0;
10.102333333333327;19160.0;19159.9885168;19159.9885168;19159.9885168;19160.0;
10.202333333333327;19160.0;19159.9885168;19159.9885168;19159.9885168;19160.0;
10.31666666666666;19160.0;19159.9885168;19159.9885168;19159.9885168;19160.0;
10.430999999999992;19160.0;19159.9885168;19159.9885168;19159.9885168;19160.0;
10.536339999999992;19160.0;19159.9885168;19159.9885168;19159.9885168;19160.0;
10.636339999999992;19160.0;19159.9885168;19159.9885168;19159.9885168;19160.0;
10.73633999999999;19160.0;19159.9885168;19159.9885168;19159.9885168;19160.0;
10.836339999999987;19160.0;19159.9885168;19159.9885168;19159.9885168;19160.0;
10.902666666666654;19160.0;19159.9885168;19159.9885168;19159.9885168;19160.0;
11.002666666666654;19160.0;19159.9885168;19159.9885168;19159.9885168;19160.0;
11.116999999999987;19160.0;19159.9885168;19159.9885168;19159.9885168;19160.0;
11.23133333333332;19160.0;19159.9885168;19159.9885168;19159.9885168;19160.0;
11.336339999999986;19160.0;19159.9885168;19159.9885168;19159.9885168;19160.0;
11.436339999999985;19160.0;19159.9885168;19159.9885168;19159.9885168;19160.0;
11.536339999999985;19160.0;19159.9885168;19159.9885168;19159.9885168;19160.0;
11.636339999999985;19160.0;19159.9885168;19159.9885168;19159.9885168;19160.0;
11.702999999999983;19160.0;19159.9885168;19159.9885168;19159.9885168;19160.0;
11.802999999999981;19160.0;19159.9885168;19159.9885168;19159.9885168;19160.0;
11.917333333333314;19160.0;19159.9885168;19159.9885168;19159.9885168;19160.0;
12.031666666666647;19160.0;19159.9885168;19159.9885168;19159.9885168;19160.0;
12.13633999999998;19160.0;19159.9885168;19159.9885168;19159.9885168;19160.0;
12.236339999999979;19160.0;19159.9885168;19159.9885168;19159.9885168;19160.0;
12.336339999999979;19160.0;19159.9885168;19159.9885168;19159.9885168;19160.0;
12.436339999999978;19160.0;19159.9885168;19159.9885168;19159.9885168;19160.0;
12.50333333333331;19160.0;19159.9885168;19159.9885168;19159.9885168;19160.0;
12.60333333333331;19160.0;19159.9885168;19159.9885168;19159.9885168;19160.0;
12.717666666666641;19160.0;19159.9885168;19159.9885168;19159.9885168;19160.0;
12.831999999999972;19160.0;19159.9885168;19159.9885168;19159.9885168;19160.0;
12.936339999999973;19160.0;19159.9885168;19159.9885168;19159.9885168;19160.0;
13.036339999999974;19160.0;19159.9885168;19159.9885168;19159.9885168;19160.0;
13.136339999999974;19160.0;19159.9885168;19159.9885168;19159.9885168;19160.0;
13.236339999999974;19160.0;19159.9885168;19159.9885168;19159.9885168;19160.0;
13.30366666666664;19160.0;19159.9885168;19159.9885168;19159.9885168;19160.0;
13.40366666666664;19160.0;19159.9885168;19159.9885168;19159.9885168;19160.0;
13.517999999999972;19160.0;19159.9885168;19159.9885168;19159.9885168;19160.0;
13.632333333333305;19160.0;19159.9885168;19159.9885168;19159.9885168;19160.0;
13.736339999999974;19160.0;19159.9885168;19159.9885168;19159.9885168;19160.0;
13.836339999999973;19160.0;19159.9885168;19159.9885168;19159.9885168;19160.0;
13.936339999999971;19160.0;19159.9885168;19159.9885168;19159.9885168;19160.0;
14.036339999999969;19160.0;19159.9885168;19159.9885168;19159.9885168;19160.0;
14.103999999999969;19160.0;19159.9885168;19159.9885168;19159.9885168;19160.0;
14.203999999999969;19160.0;19159.9885168;19159.9885168;19159.9885168;19160.0;
14.318333333333301;19160.0;19159.9885168;19159.9885168;19159.9885168;19160.0;
14.432666666666634;19160.0;19159.9885168;19159.9885168;19159.9885168;19160.0;
14.536339999999967;19160.0;19159.9885168;19159.9885168;19159.9885168;19160.0;
14.636339999999967;19160.0;19159.9885168;19159.9885168;19159.9885168;19160.0;
14.736339999999966;19160.0;19159.9885168;19159.9885168;19159.9885168;19160.0;
14.836339999999964;19160.0;19159.9885168;19159.9885168;19159.9885168;19160.0;
14.904333333333296;19160.0;19159.9885168;19159.9885168;19159.9885168;19160.0;
15.004333333333296;19160.0;19159.9885168;19159.9885168;19159.9885168;19160.0;
15.118666666666629;19160.0;19159.9885168;19159.9885168;19159.9885168;19160.0;
15.232999999999961;19160.0;19159.9885168;19159.9885168;19159.9885168;19160.0;
15.33633999999996;19160.0;19159.9885168;19159.9885168;19159.9885168;19160.0;
15.43633999999996;19160.0;19159.9885168;19159.9885168;19159.9885168;19160.0;
15.53633999999996;19160.0;19159.9885168;19159.9885168;19159.9885168;19160.0;
15.63633999999996;19160.0;19159.9885168;19159.9885168;19159.9885168;19160.0;
15.704666666666625;19160.0;19159.9885168;19159.9885168;19159.9885168;19160.0;
15.804666666666623;19160.0;19159.9885168;19159.9885168;19159.9885168;19160.0;
15.918999999999954;19160.0;19159.9885168;19159.9885168;19159.9885168;19160.0;
16.033333333333285;19160.0;19159.9885168;19159.9885168;19159.9885168;19160.0;
16.13633999999995;19160.0;19159.9885168;19159.9885168;19159.9885168;19160.0;
16.23633999999995;19160.0;19159.9885168;19159.9885168;19159.9885168;19160.0;
16.33633999999995;19160.0;19159.9885168;19159.9885168;19159.9885168;19160.0;
16.43633999999995;19160.0;19159.9885168;19159.9885168;19159.9885168;19160.0;
16.504999999999953;19160.0;19159.9885168;19159.9885168;19159.9885168;19160.0;
16.604999999999954;19160.0;19159.9885168;19159.9885168;19159.9885168;19160.0;
16.71933333333329;19160.0;19159.9885168;19159.9885168;19159.9885168;19160.0;
16.833666666666623;19160.0;19159.9885168;19159.9885168;19159.9885168;19160.0;
16.936339999999955;19160.0;19159.9885168;19159.9885168;19159.9885168;19160.0;
17.036339999999953;19160.0;19159.9885168;19159.9885168;19159.9885168;19160.0;
17.136339999999954;19160.0;19159.9885168;19159.9885168;19159.9885168;19160.0;
17.236339999999956;19160.0;19159.9885168;19159.9885168;19159.9885168;19160.0;
17.30533333333329;19160.0;19159.9885168;19159.9885168;19159.9885168;19160.0;
17.405333333333292;19160.0;19159.9885168;19159.9885168;19159.9885168;19160.0;
17.519666666666627;19160.0;19159.9885168;19159.9885168;19159.9885168;19160.0;
17.63399999999996;19160.0;19159.9885168;19159.9885168;19159.9885168;19160.0;
17.736339999999963;19160.0;19159.9885168;19159.9885168;19159.9885168;19160.0;
17.836339999999964;19160.0;19159.9885168;19159.9885168;19159.9885168;19160.0;
17.936339999999966;19160.0;19159.9885168;19159.9885168;19159.9885168;19160.0;
18.036339999999967;19160.0;19159.9885168;19159.9885168;19159.9885168;19160.0;
18.105666666666636;19160.0;19159.9885168;19159.9885168;19159.9885168;19160.0;
18.205666666666637;19160.0;19159.9885168;19159.9885168;19159.9885168;19160.0;
18.319999999999972;19160.0;19159.9885168;19159.9885168;19159.9885168;19160.0;
18.434333333333306;19160.0;19159.9885168;19159.9885168;19159.9885168;19160.0;
18.53633999999997;19160.0;19159.9885168;19159.9885168;19159.9885168;19160.0;
18.63633999999997;19160.0;19159.9885168;19159.9885168;19159.9885168;19160.0;
18.73633999999997;19160.0;19159.9885168;19159.9885168;19159.9885168;19160.0;
18.83633999999997;19160.0;19159.9885168;19159.9885168;19159.9885168;19160.0;
18.905999999999974;19160.0;19159.9885168;19159.9885168;19159.9885168;19160.0;
19.005999999999975;19160.0;19159.9885168;19159.9885168;19159.9885168;19160.0;
19.12033333333331;19160.0;19159.9885168;19159.9885168;19159.9885168;19160.0;
19.234666666666644;19160.0;19159.9885168;19159.9885168;19159.9885168;19160.0;
19.33633999999998;19160.0;19159.9885168;19159.9885168;19159.9885168;19160.0;
19.43633999999998;19160.0;19159.9885168;19159.9885168;19159.9885168;19160.0;
19.536339999999978;19160.0;19159.9885168;19159.9885168;19159.9885168;19160.0;
19.636339999999976;19160.0;19159.9885168;19159.9885168;19159.9885168;19160.0;
19.706333333333312;19160.0;19159.9885168;19159.9885168;19159.9885168;19160.0;
19.806333333333313;19160.0;19159.9885168;19159.9885168;19159.9885168;19160.0;
19.920666666666648;19160.0;19159.9885168;19159.9885168;19159.9885168;19160.0;
20.034999999999982;19160.0;19159.9885168;19159.9885168;19159.9885168;19160.0;
20.136339999999983;19160.0;19159.9885168;19159.9885168;19159.9885168;19160.0;
20.236339999999984;19160.0;19159.9885168;19159.9885168;19159.9885168;19160.0;
20.336339999999986;19160.0;19159.9885168;19159.9885168;19159.9885168;19160.0;
20.436339999999984;19160.0;19159.9885168;19159.9885168;19159.9885168;19160.0;
20.50666666666665;19160.0;19159.9885168;19159.9885168;19159.9885168;19160.0;
20.60666666666665;19160.0;19159.9885168;19159.9885168;19159.9885168;19160.0;
20.720999999999986;19160.0;19159.9885168;19159.9885168;19159.9885168;19160.0;
20.83533333333332;19160.0;19159.9885168;19159.9885168;19159.9885168;19160.0;
20.936339999999987;19160.0;19159.9885168;19159.9885168;19159.9885168;19160.0;
21.03633999999999;19160.0;19159.9885168;19159.9885168;19159.9885168;19160.0;
21.13633999999999;19160.0;19159.9885168;19159.9885168;19159.9885168;19160.0;
21.23633999999999;19160.0;19159.9885168;19159.9885168;19159.9885168;19160.0;
21.30699999999999;19160.0;19159.9885168;19159.9885168;19159.9885168;19160.0;
21.406999999999993;19160.0;19159.9885168;19159.9885168;19159.9885168;19160.0;
21.521333333333324;19160.0;19159.9885168;19159.9885168;19159.9885168;19160.0;
21.63566666666666;19160.0;19159.9885168;19159.9885168;19159.9885168;19160.0;
21.73633999999999;19160.0;19159.9885168;19159.9885168;19159.9885168;19160.0;
21.836339999999993;19160.0;19159.9885168;19159.9885168;19159.9885168;19160.0;
21.936339999999994;19160.0;19159.9885168;19159.9885168;19159.9885168;19160.0;
22.036339999999996;19160.0;19159.9885168;19159.9885168;19159.9885168;19160.0;
22.10733333333333;19160.0;19159.9885168;19159.9885168;19159.9885168;19160.0;
22.20733333333333;19160.0;19159.9885168;19159.9885168;19159.9885168;19160.0;
22.321666666666665;19160.0;19159.9885168;19159.9885168;19159.9885168;19160.0;
22.435999999999996;19160.0;19159.9885168;19159.9885168;19159.9885168;19160.0;
22.536339999999996;19160.0;19159.9885168;19159.9885168;19159.9885168;19160.0;
22.636339999999997;19160.0;19159.9885168;19159.9885168;19159.9885168;19160.0;
22.73634;19160.0;19159.9885168;19159.9885168;19159.9885168;19160.0;
22.83634;19160.0;19159.9885168;19159.9885168;19159.9885168;19160.0;
22.907666666666668;19160.0;19159.9885168;19159.9885168;19159.9885168;19160.0;
23.00766666666667;19160.0;19159.9885168;19159.9885168;19159.9885168;19160.0;
23.122000000000003;19160.0;19159.9885168;19159.9885168;19159.9885168;19160.0;
23.236333333333338;19160.0;19159.9885168;19159.9885168;19159.9885168;19160.0;
23.336340000000007;19160.0;19159.9885168;19159.9885168;19159.9885168;19160.0;
23.43634000000001;19160.0;19159.9885168;19159.9885168;19159.9885168;19160.0;
23.53634000000001;19160.0;19159.9885168;19159.9885168;19159.9885168;19160.0;
23.63634000000001;19160.0;19159.9885168;19159.9885168;19159.9885168;19160.0;
23.708000000000013;19160.0;19159.9885168;19159.9885168;19159.9885168;19160.0;
23.808000000000014;19160.0;19159.9885168;19159.9885168;19159.9885168;19160.0;
23.92233333333335;19160.0;19159.9885168;19159.9885168;19159.9885168;19160.0;
24.036340000000013;19160.0;19159.9885168;19159.9885168;19159.9885168;19160.0;
24.13634000000001;19160.0;19159.9885168;19159.9885168;19159.9885168;19160.0;
24.236340000000013;19160.0;19159.9885168;19159.9885168;19159.9885168;19160.0;
24.336340000000014;19160.0;19159.9885168;19159.9885168;19159.9885168;19160.0;
24.436340000000015;19160.0;19159.9885168;19159.9885168;19159.9885168;19160.0;
24.50833333333335;19160.0;19159.9885168;19159.9885168;19159.9885168;19160.0;
24.608333333333352;19160.0;19159.9885168;19159.9885168;19159.9885168;19160.0;
24.722666666666687;19160.0;19159.9885168;19159.9885168;19159.9885168;19160.0;
24.83634000000002;19160.0;19159.9885168;19159.9885168;19159.9885168;19160.0;
24.93634000000002;19160.0;19159.9885168;19159.9885168;19159.9885168;19160.0;
25.03634000000002;19160.0;19159.9885168;19159.9885168;19159.9885168;19160.0;
25.136340000000022;19160.0;19159.9885168;19159.9885168;19159.9885168;19160.0;
25.236340000000023;19160.0;19159.9885168;19159.9885168;19159.9885168;19160.0;
25.308666666666692;19160.0;19159.9885168;19159.9885168;19159.9885168;19160.0;
25.408666666666694;19160.0;19159.9885168;19159.9885168;19159.9885168;19160.0;
25.523000000000028;19160.0;19159.9885168;19159.9885168;19159.9885168;19160.0;
25.63634000000003;19160.0;19159.9885168;19159.9885168;19159.9885168;19160.0;
25.736340000000027;19160.0;19159.9885168;19159.9885168;19159.9885168;19160.0;
25.836340000000025;19160.0;19159.9885168;19159.9885168;19159.9885168;19160.0;
25.936340000000026;19160.0;19159.9885168;19159.9885168;19159.9885168;19160.0;
26.036340000000028;19160.0;19159.9885168;19159.9885168;19159.9885168;19160.0;
26.10900000000003;19160.0;19159.9885168;19159.9885168;19159.9885168;19160.0;
26.20900000000003;19160.0;19159.9885168;19159.9885168;19159.9885168;19160.0;
26.323333333333366;19160.0;19159.9885168;19159.9885168;19159.9885168;19160.0;
26.436340000000033;19160.0;19159.9885168;19159.9885168;19159.9885168;19160.0;
26.536340000000035;19160.0;19159.9885168;19159.9885168;19159.9885168;19160.0;
26.636340000000033;19160.0;19159.9885168;19159.9885168;19159.9885168;19160.0;
26.73634000000003;19160.0;19159.9885168;19159.9885168;19159.9885168;19160.0;
26.83634000000003;19160.0;19159.9885168;19159.9885168;19159.9885168;19160.0;
26.909333333333365;19160.0;19159.9885168;19159.9885168;19159.9885168;19160.0;
27.009333333333366;19160.0;19159.9885168;19159.9885168;19159.9885168;19160.0;
27.1236666666667;19160.0;19159.9885168;19159.9885168;19159.9885168;19160.0;
27.236340000000034;19160.0;19159.9885168;19159.9885168;19159.9885168;19160.0;
27.336340000000035;19160.0;19159.9885168;19159.9885168;19159.9885168;19160.0;
27.436340000000037;19160.0;19159.9885168;19159.9885168;19159.9885168;19160.0;
27.53634000000004;19160.0;19159.9885168;19159.9885168;19159.9885168;19160.0;
27.636340000000036;19160.0;19159.9885168;19159.9885168;19159.9885168;19160.0;
27.709666666666703;19160.0;19159.9885168;19159.9885168;19159.9885168;19160.0;
27.809666666666704;19160.0;19159.9885168;19159.9885168;19159.9885168;19160.0;
27.92400000000004;19160.0;19159.9885168;19159.9885168;19159.9885168;19160.0;
28.03634000000004;19160.0;19159.9885168;19159.9885168;19159.9885168;19160.0;
28.13634000000004;19160.0;19159.9885168;19159.9885168;19159.9885168;19160.0;
28.23634000000004;19160.0;19159.9885168;19159.9885168;19159.9885168;19160.0;
28.336340000000042;19160.0;19159.9885168;19159.9885168;19159.9885168;19160.0;
28.436340000000044;19160.0;19159.9885168;19159.9885168;19159.9885168;19160.0;
28.510000000000044;19160.0;19159.9885168;19159.9885168;19159.9885168;19160.0;
28.610000000000042;19160.0;19159.9885168;19159.9885168;19159.9885168;19160.0;
28.724333333333373;19160.0;19159.9885168;19159.9885168;19159.9885168;19160.0;
28.83634000000004;19160.0;19159.9885168;19159.9885168;19159.9885168;19160.0;
28.93634000000004;19160.0;19159.9885168;19159.9885168;19159.9885168;19160.0;
29.036340000000042;19160.0;19159.9885168;19159.9885168;19159.9885168;19160.0;
29.136340000000043;19160.0;19159.9885168;19159.9885168;19159.9885168;19160.0;
29.236340000000045;19160.0;19159.9885168;19159.9885168;19159.9885168;19160.0;
29.31033333333338;19160.0;19159.9885168;19159.9885168;19159.9885168;19160.0;
29.41033333333338;19160.0;19159.9885168;19159.9885168;19159.9885168;19160.0;
29.524666666666715;19160.0;19159.9885168;19159.9885168;19159.9885168;19160.0;
29.63634000000005;19160.0;19159.9885168;19159.9885168;19159.9885168;19160.0;
29.73634000000005;19160.0;19159.9885168;19159.9885168;19159.9885168;19160.0;
29.836340000000053;19160.0;19159.9885168;19159.9885168;19159.9885168;19160.0;
29.936340000000055;19160.0;19159.9885168;19159.9885168;19159.9885168;19160.0;
30.036340000000056;19160.0;19159.9885168;19159.9885168;19159.9885168;19160.0;
30.110666666666724;19160.0;19159.9885168;19159.9885168;19159.9885168;19160.0;
30.210666666666725;19160.0;19159.9885168;19159.9885168;19159.9885168;19160.0;
30.32500000000006;19160.0;19159.9885168;19159.9885168;19159.9885168;19160.0;
30.436340000000058;19160.0;19159.9885168;19159.9885168;19159.9885168;19160.0;
30.536340000000056;19160.0;19159.9885168;19159.9885168;19159.9885168;19160.0;
30.636340000000057;19160.0;19159.9885168;19159.9885168;19159.9885168;19160.0;
30.73634000000006;19160.0;19159.9885168;19159.9885168;19159.9885168;19160.0;
30.83634000000006;19160.0;19159.9885168;19159.9885168;19159.9885168;19160.0;
30.91100000000006;19160.0;19159.9885168;19159.9885168;19159.9885168;19160.0;
31.011000000000063;19160.0;19159.9885168;19159.9885168;19159.9885168;19160.0;
31.125333333333398;19160.0;19159.9885168;19159.9885168;19159.9885168;19160.0;
31.236340000000062;19160.0;19159.9885168;19159.9885168;19159.9885168;19160.0;
31.33634000000006;19160.0;19159.9885168;19159.9885168;19159.9885168;19160.0;
31.43634000000006;19160.0;19159.9885168;19159.9885168;19159.9885168;19160.0;
31.536340000000063;19160.0;19159.9885168;19159.9885168;19159.9885168;19160.0;
31.636340000000065;19160.0;19159.9885168;19159.9885168;19159.9885168;19160.0;
31.7113333333334;19160.0;19159.9885168;19159.9885168;19159.9885168;19160.0;
31.8113333333334;19160.0;19159.9885168;19159.9885168;19159.9885168;19160.0;
31.925666666666736;19160.0;19159.9885168;19159.9885168;19159.9885168;19160.0;
32.03634000000007;19160.0;19159.9885168;19159.9885168;19159.9885168;19160.0;
32.13634000000007;19160.0;19159.9885168;19159.9885168;19159.9885168;19160.0;
32.23634000000006;19160.0;19159.9885168;19159.9885168;19159.9885168;19160.0;
32.33634000000006;19160.0;19159.9885168;19159.9885168;19159.9885168;19160.0;
32.43634000000005;19160.0;19159.9885168;19159.9885168;19159.9885168;19160.0;
32.51166666666671;19160.0;19159.9885168;19159.9885168;19159.9885168;19160.0;
32.61166666666671;19160.0;19159.9885168;19159.9885168;19159.9885168;19160.0;
32.726000000000035;19160.0;19159.9885168;19159.9885168;19159.9885168;19160.0;
32.83634000000003;19160.0;19159.9885168;19159.9885168;19159.9885168;19160.0;
32.93634000000003;19160.0;19159.9885168;19159.9885168;19159.9885168;19160.0;
33.03634000000003;19160.0;19159.9885168;19159.9885168;19159.9885168;19160.0;
33.13634000000003;19160.0;19159.9885168;19159.9885168;19159.9885168;19160.0;
33.236340000000034;19160.0;19159.9885168;19159.9885168;19159.9885168;19160.0;
33.31200000000003;19160.0;19159.9885168;19159.9885168;19159.9885168;19160.0;
33.412000000000035;19160.0;19159.9885168;19159.9885168;19159.9885168;19160.0;
33.52633333333337;19160.0;19159.9885168;19159.9885168;19159.9885168;19160.0;
33.63634000000003;19160.0;19159.9885168;19159.9885168;19159.9885168;19160.0;
33.73634000000003;19160.0;19159.9885168;19159.9885168;19159.9885168;19160.0;
33.83634000000002;19160.0;19159.9885168;19159.9885168;19159.9885168;19160.0;
33.936340000000015;19160.0;19159.9885168;19159.9885168;19159.9885168;19160.0;
34.03634000000001;19160.0;19159.9885168;19159.9885168;19159.9885168;19160.0;
34.11233333333334;19160.0;19159.9885168;19159.9885168;19159.9885168;19160.0;
34.21233333333333;19160.0;19159.9885168;19159.9885168;19159.9885168;19160.0;
34.32666666666666;19160.0;19159.9885168;19159.9885168;19159.9885168;19160.0;
34.43633999999999;19160.0;19159.9885168;19159.9885168;19159.9885168;19160.0;
34.53633999999999;19160.0;19159.9885168;19159.9885168;19159.9885168;19160.0;
34.63633999999999;19160.0;19159.9885168;19159.9885168;19159.9885168;19160.0;
34.73633999999999;19160.0;19159.9885168;19159.9885168;19159.9885168;19160.0;
34.83633999999999;19160.0;19159.9885168;19159.9885168;19159.9885168;19160.0;
34.91266666666666;19160.0;19159.9885168;19159.9885168;19159.9885168;19160.0;
35.01266666666666;19160.0;19159.9885168;19159.9885168;19159.9885168;19160.0;
35.126999999999995;19160.0;19159.9885168;19159.9885168;19159.9885168;19160.0;
35.23633999999999;19160.0;19159.9885168;19159.9885168;19159.9885168;19160.0;
35.336339999999986;19160.0;19159.9885168;19159.9885168;19159.9885168;19160.0;
35.43633999999998;19160.0;19159.9885168;19159.9885168;19159.9885168;19160.0;
35.536339999999974;19160.0;19159.9885168;19159.9885168;19159.9885168;19160.0;
35.63633999999997;19160.0;19159.9885168;19159.9885168;19159.9885168;19160.0;
35.712999999999965;19160.0;19159.9885168;19159.9885168;19159.9885168;19160.0;
35.81299999999996;19160.0;19159.9885168;19159.9885168;19159.9885168;19160.0;
35.92733333333329;19160.0;19159.9885168;19159.9885168;19159.9885168;19160.0;
36.03633999999995;19160.0;19159.9885168;19159.9885168;19159.9885168;19160.0;
36.13633999999996;19160.0;19159.9885168;19159.9885168;19159.9885168;19160.0;
36.23633999999996;19160.0;19159.9885168;19159.9885168;19159.9885168;19160.0;
36.336339999999964;19160.0;19159.9885168;19159.9885168;19159.9885168;19160.0;
36.436339999999966;19160.0;19159.9885168;19159.9885168;19159.9885168;19160.0;
36.5133333333333;19160.0;19159.9885168;19159.9885168;19159.9885168;19160.0;
36.6133333333333;19160.0;19159.9885168;19159.9885168;19159.9885168;19160.0;
36.727666666666636;19160.0;19159.9885168;19159.9885168;19159.9885168;19160.0;
36.836339999999964;19160.0;19159.9885168;19159.9885168;19159.9885168;19160.0;
36.93633999999996;19160.0;19159.9885168;19159.9885168;19159.9885168;19160.0;
37.03633999999995;19160.0;19159.9885168;19159.9885168;19159.9885168;19160.0;
37.13633999999995;19160.0;19159.9885168;19159.9885168;19159.9885168;19160.0;
37.23633999999994;19160.0;19159.9885168;19159.9885168;19159.9885168;19160.0;
37.313666666666606;19160.0;19159.9885168;19159.9885168;19159.9885168;19160.0;
37.4136666666666;19160.0;19159.9885168;19159.9885168;19159.9885168;19160.0;
37.52799999999993;19160.0;19159.9885168;19159.9885168;19159.9885168;19160.0;
37.636339999999926;19160.0;19159.9885168;19159.9885168;19159.9885168;19160.0;
37.73633999999993;19160.0;19159.9885168;19159.9885168;19159.9885168;19160.0;
37.83633999999992;19160.0;19159.9885168;19159.9885168;19159.9885168;19160.0;
37.936339999999916;19160.0;19159.9885168;19159.9885168;19159.9885168;19160.0;
38.03633999999991;19160.0;19159.9885168;19159.9885168;19159.9885168;19160.0;
38.11399999999991;19160.0;19159.9885168;19159.9885168;19159.9885168;19160.0;
38.21399999999991;19160.0;19159.9885168;19159.9885168;19159.9885168;19160.0;
38.32833333333325;19160.0;19159.9885168;19159.9885168;19159.9885168;19160.0;
38.43633999999991;19160.0;19159.9885168;19159.9885168;19159.9885168;19160.0;
38.53633999999991;19160.0;19159.9885168;19159.9885168;19159.9885168;19160.0;
38.63633999999991;19160.0;19159.9885168;19159.9885168;19159.9885168;19160.0;
38.73633999999991;19160.0;19159.9885168;19159.9885168;19159.9885168;19160.0;
38.83633999999991;19160.0;19159.9885168;19159.9885168;19159.9885168;19160.0;
38.91433333333324;19160.0;19159.9885168;19159.9885168;19159.9885168;19160.0;
39.014333333333234;19160.0;19159.9885168;19159.9885168;19159.9885168;19160.0;
39.12866666666656;19160.0;19159.9885168;19159.9885168;19159.9885168;19160.0;
39.23633999999989;19160.0;19159.9885168;19159.9885168;19159.9885168;19160.0;
39.33633999999989;19160.0;19159.9885168;19159.9885168;19159.9885168;19160.0;
39.43633999999989;19160.0;19159.9885168;19159.9885168;19159.9885168;19160.0;
39.53633999999988;19160.0;19159.9885168;19159.9885168;19159.9885168;19160.0;
39.60033333333321;19160.0;19159.9885168;19159.9885168;19159.9885168;19160.0;
39.700333333333205;19160.0;19159.9885168;19159.9885168;19159.9885168;19160.0;
39.81466666666653;19160.0;19159.9885168;19159.9885168;19159.9885168;19160.0;
39.92899999999986;19160.0;19159.9885168;19159.9885168;19159.9885168;19160.0;
40.03633999999985;19160.0;19159.9885168;19159.9885168;19159.9885168;19160.0;
40.136339999999855;19160.0;19159.9885168;19159.9885168;19159.9885168;19160.0;
40.236339999999856;19160.0;19159.9885168;19159.9885168;19159.9885168;19160.0;
40.33633999999986;19160.0;19159.9885168;19159.9885168;19159.9885168;19160.0;
40.400666666666524;19160.0;19159.9885168;19159.9885168;19159.9885168;19160.0;
40.500666666666525;19160.0;19159.9885168;19159.9885168;19159.9885168;19160.0;
40.61499999999986;19160.0;19159.9885168;19159.9885168;19159.9885168;19160.0;
40.729333333333194;19160.0;19159.9885168;19159.9885168;19159.9885168;19160.0;
40.836339999999865;19160.0;19159.9885168;19159.9885168;19159.9885168;19160.0;
40.936339999999866;19160.0;19159.9885168;19159.9885168;19159.9885168;19160.0;
41.03633999999986;19160.0;19159.9885168;19159.9885168;19159.9885168;19160.0;
41.136339999999855;19160.0;19159.9885168;19159.9885168;19159.9885168;19160.0;
41.20099999999985;19160.0;19159.9885168;19159.9885168;19159.9885168;19160.0;
41.300999999999846;19160.0;19159.9885168;19159.9885168;19159.9885168;19160.0;
41.41533333333317;19160.0;19159.9885168;19159.9885168;19159.9885168;19160.0;
41.5296666666665;19160.0;19159.9885168;19159.9885168;19159.9885168;19160.0;
41.63633999999983;19160.0;19159.9885168;19159.9885168;19159.9885168;19160.0;
41.73633999999983;19160.0;19159.9885168;19159.9885168;19159.9885168;19160.0;
41.83633999999983;19160.0;19159.9885168;19159.9885168;19159.9885168;19160.0;
41.93633999999983;19160.0;19159.9885168;19159.9885168;19159.9885168;19160.0;
42.001333333333164;19160.0;19159.9885168;19159.9885168;19159.9885168;19160.0;
42.101333333333166;19160.0;19159.9885168;19159.9885168;19159.9885168;19160.0;
42.2156666666665;19160.0;19159.9885168;19159.9885168;19159.9885168;19160.0;
42.329999999999835;19160.0;19159.9885168;19159.9885168;19159.9885168;19160.0;
42.43633999999983;19160.0;19159.9885168;19159.9885168;19159.9885168;19160.0;
42.536339999999825;19160.0;19159.9885168;19159.9885168;19159.9885168;19160.0;
42.63633999999982;19160.0;19159.9885168;19159.9885168;19159.9885168;19160.0;
42.736339999999814;19160.0;19159.9885168;19159.9885168;19159.9885168;19160.0;
42.80166666666648;19160.0;19159.9885168;19159.9885168;19159.9885168;19160.0;
42.90166666666647;19160.0;19159.9885168;19159.9885168;19159.9885168;19160.0;
43.0159999999998;19160.0;19159.9885168;19159.9885168;19159.9885168;19160.0;
43.13033333333313;19160.0;19159.9885168;19159.9885168;19159.9885168;19160.0;
43.23633999999979;19160.0;19159.9885168;19159.9885168;19159.9885168;19160.0;
43.3363399999998;19160.0;19159.9885168;19159.9885168;19159.9885168;19160.0;
43.4363399999998;19160.0;19159.9885168;19159.9885168;19159.9885168;19160.0;
43.536339999999804;19160.0;19159.9885168;19159.9885168;19159.9885168;19160.0;
43.601999999999805;19160.0;19159.9885168;19159.9885168;19159.9885168;19160.0;
43.701999999999806;19160.0;19159.9885168;19159.9885168;19159.9885168;19160.0;
43.81633333333314;19160.0;19159.9885168;19159.9885168;19159.9885168;19160.0;
43.930666666666475;19160.0;19159.9885168;19159.9885168;19159.9885168;19160.0;
44.036339999999804;19160.0;19159.9885168;19159.9885168;19159.9885168;19160.0;
44.1363399999998;19160.0;19159.9885168;19159.9885168;19159.9885168;19160.0;
44.23633999999979;19160.0;19159.9885168;19159.9885168;19159.9885168;19160.0;
44.33633999999979;19160.0;19159.9885168;19159.9885168;19159.9885168;19160.0;
44.40233333333312;19160.0;19159.9885168;19159.9885168;19159.9885168;19160.0;
44.50233333333311;19160.0;19159.9885168;19159.9885168;19159.9885168;19160.0;
44.61666666666644;19160.0;19159.9885168;19159.9885168;19159.9885168;19160.0;
44.73099999999977;19160.0;19159.9885168;19159.9885168;19159.9885168;19160.0;
44.836339999999765;19160.0;19159.9885168;19159.9885168;19159.9885168;19160.0;
44.93633999999977;19160.0;19159.9885168;19159.9885168;19159.9885168;19160.0;
45.03633999999976;19160.0;19159.9885168;19159.9885168;19159.9885168;19160.0;
45.136339999999755;19160.0;19159.9885168;19159.9885168;19159.9885168;19160.0;
45.20266666666642;19160.0;19159.9885168;19159.9885168;19159.9885168;19160.0;
45.30266666666642;19160.0;19159.9885168;19159.9885168;19159.9885168;19160.0;
45.41699999999975;19160.0;19159.9885168;19159.9885168;19159.9885168;19160.0;
45.53133333333309;19160.0;19159.9885168;19159.9885168;19159.9885168;19160.0;
45.63633999999975;19160.0;19159.9885168;19159.9885168;19159.9885168;19160.0;
45.73633999999975;19160.0;19159.9885168;19159.9885168;19159.9885168;19160.0;
45.83633999999975;19160.0;19159.9885168;19159.9885168;19159.9885168;19160.0;
45.93633999999975;19160.0;19159.9885168;19159.9885168;19159.9885168;19160.0;
46.00299999999975;19160.0;19159.9885168;19159.9885168;19159.9885168;19160.0;
46.102999999999746;19160.0;19159.9885168;19159.9885168;19159.9885168;19160.0;
46.21733333333307;19160.0;19159.9885168;19159.9885168;19159.9885168;19160.0;
46.3316666666664;19160.0;19159.9885168;19159.9885168;19159.9885168;19160.0;
46.43633999999973;19160.0;19159.9885168;19159.9885168;19159.9885168;19160.0;
46.53633999999973;19160.0;19159.9885168;19159.9885168;19159.9885168;19160.0;
46.63633999999973;19160.0;19159.9885168;19159.9885168;19159.9885168;19160.0;
46.73633999999972;19160.0;19159.9885168;19159.9885168;19159.9885168;19160.0;
46.80333333333305;19160.0;19159.9885168;19159.9885168;19159.9885168;19160.0;
46.903333333333045;19160.0;19159.9885168;19159.9885168;19159.9885168;19160.0;
47.01766666666637;19160.0;19159.9885168;19159.9885168;19159.9885168;19160.0;
47.1319999999997;19160.0;19159.9885168;19159.9885168;19159.9885168;19160.0;
47.23633999999969;19160.0;19159.9885168;19159.9885168;19159.9885168;19160.0;
47.336339999999694;19160.0;19159.9885168;19159.9885168;19159.9885168;19160.0;
47.436339999999696;19160.0;19159.9885168;19159.9885168;19159.9885168;19160.0;
47.5363399999997;19160.0;19159.9885168;19159.9885168;19159.9885168;19160.0;
47.60366666666636;19160.0;19159.9885168;19159.9885168;19159.9885168;19160.0;
47.703666666666365;19160.0;19159.9885168;19159.9885168;19159.9885168;19160.0;
47.8179999999997;19160.0;19159.9885168;19159.9885168;19159.9885168;19160.0;
47.932333333333034;19160.0;19159.9885168;19159.9885168;19159.9885168;19160.0;
48.036339999999704;19160.0;19159.9885168;19159.9885168;19159.9885168;19160.0;
48.136339999999706;19160.0;19159.9885168;19159.9885168;19159.9885168;19160.0;
48.2363399999997;19160.0;19159.9885168;19159.9885168;19159.9885168;19160.0;
48.336339999999694;19160.0;19159.9885168;19159.9885168;19159.9885168;19160.0;
48.40399999999969;19160.0;19159.9885168;19159.9885168;19159.9885168;19160.0;
48.503999999999685;19160.0;19159.9885168;19159.9885168;19159.9885168;19160.0;
48.61833333333301;19160.0;19159.9885168;19159.9885168;19159.9885168;19160.0;
48.73266666666634;19160.0;19159.9885168;19159.9885168;19159.9885168;19160.0;
48.836339999999666;19160.0;19159.9885168;19159.9885168;19159.9885168;19160.0;
48.93633999999967;19160.0;19159.9885168;19159.9885168;19159.9885168;19160.0;
49.03633999999967;19160.0;19159.9885168;19159.9885168;19159.9885168;19160.0;
49.13633999999967;19160.0;19159.9885168;19159.9885168;19159.9885168;19160.0;
49.204333333333004;19160.0;19159.9885168;19159.9885168;19159.9885168;19160.0;
49.304333333333005;19160.0;19159.9885168;19159.9885168;19159.9885168;19160.0;
49.41866666666634;19160.0;19159.9885168;19159.9885168;19159.9885168;19160.0;
49.532999999999674;19160.0;19159.9885168;19159.9885168;19159.9885168;19160.0;
49.63633999999967;19160.0;19159.9885168;19159.9885168;19159.9885168;19160.0;
49.736339999999664;19160.0;19159.9885168;19159.9885168;19159.9885168;19160.0;
49.83633999999966;19160.0;19159.9885168;19159.9885168;19159.9885168;19160.0;
49.93633999999965;19160.0;19159.9885168;19159.9885168;19159.9885168;19160.0;
50.00466666666632;19160.0;19159.9885168;19159.9885168;19159.9885168;19160.0;
50.10466666666631;19160.0;19159.9885168;19159.9885168;19159.9885168;19160.0;
50.21899999999964;19160.0;19159.9885168;19159.9885168;19159.9885168;19160.0;
50.333333333332966;19160.0;19159.9885168;19159.9885168;19159.9885168;19160.0;
50.43633999999963;19160.0;19159.9885168;19159.9885168;19159.9885168;19160.0;
50.53633999999964;19160.0;19159.9885168;19159.9885168;19159.9885168;19160.0;
50.63633999999964;19160.0;19159.9885168;19159.9885168;19159.9885168;19160.0;
50.73633999999964;19160.0;19159.9885168;19159.9885168;19159.9885168;19160.0;
50.804999999999644;19160.0;19159.9885168;19159.9885168;19159.9885168;19160.0;
50.904999999999646;19160.0;19159.9885168;19159.9885168;19159.9885168;19160.0;
51.01933333333298;19160.0;19159.9885168;19159.9885168;19159.9885168;19160.0;
51.133666666666315;19160.0;19159.9885168;19159.9885168;19159.9885168;19160.0;
51.23633999999964;19160.0;19159.9885168;19159.9885168;19159.9885168;19160.0;
51.33633999999964;19160.0;19159.9885168;19159.9885168;19159.9885168;19160.0;
51.43633999999963;19160.0;19159.9885168;19159.9885168;19159.9885168;19160.0;
51.536339999999626;19160.0;19159.9885168;19159.9885168;19159.9885168;19160.0;
51.60533333333296;19160.0;19159.9885168;19159.9885168;19159.9885168;19160.0;
51.70533333333295;19160.0;19159.9885168;19159.9885168;19159.9885168;19160.0;
51.81966666666628;19160.0;19159.9885168;19159.9885168;19159.9885168;19160.0;
51.93399999999961;19160.0;19159.9885168;19159.9885168;19159.9885168;19160.0;
52.0363399999996;19160.0;19159.9885168;19159.9885168;19159.9885168;19160.0;
52.13633999999959;19160.0;19159.9885168;19159.9885168;19159.9885168;19160.0;
52.236339999999586;19160.0;19159.9885168;19159.9885168;19159.9885168;19160.0;
52.33633999999958;19160.0;19159.9885168;19159.9885168;19159.9885168;19160.0;
52.40566666666624;19160.0;19159.9885168;19159.9885168;19159.9885168;19160.0;
52.505666666666244;19160.0;19159.9885168;19159.9885168;19159.9885168;19160.0;
52.61999999999958;19160.0;19159.9885168;19159.9885168;19159.9885168;19160.0;
52.73433333333291;19160.0;19159.9885168;19159.9885168;19159.9885168;19160.0;
52.83633999999958;19160.0;19159.9885168;19159.9885168;19159.9885168;19160.0;
52.93633999999958;19160.0;19159.9885168;19159.9885168;19159.9885168;19160.0;
53.03633999999958;19160.0;19159.9885168;19159.9885168;19159.9885168;19160.0;
53.136339999999585;19160.0;19159.9885168;19159.9885168;19159.9885168;19160.0;
53.205999999999584;19160.0;19159.9885168;19159.9885168;19159.9885168;19160.0;
53.30599999999958;19160.0;19159.9885168;19159.9885168;19159.9885168;19160.0;
53.420333333332906;19160.0;19159.9885168;19159.9885168;19159.9885168;19160.0;
53.53466666666623;19160.0;19159.9885168;19159.9885168;19159.9885168;19160.0;
53.63633999999956;19160.0;19159.9885168;19159.9885168;19159.9885168;19160.0;
53.73633999999955;19160.0;19159.9885168;19159.9885168;19159.9885168;19160.0;
53.836339999999545;19160.0;19159.9885168;19159.9885168;19159.9885168;19160.0;
53.93633999999954;19160.0;19159.9885168;19159.9885168;19159.9885168;19160.0;
54.00633333333287;19160.0;19159.9885168;19159.9885168;19159.9885168;19160.0;
54.10633333333286;19160.0;19159.9885168;19159.9885168;19159.9885168;19160.0;
54.22066666666619;19160.0;19159.9885168;19159.9885168;19159.9885168;19160.0;
54.33499999999952;19160.0;19159.9885168;19159.9885168;19159.9885168;19160.0;
54.43633999999952;19160.0;19159.9885168;19159.9885168;19159.9885168;19160.0;
54.53633999999952;19160.0;19159.9885168;19159.9885168;19159.9885168;19160.0;
54.63633999999952;19160.0;19159.9885168;19159.9885168;19159.9885168;19160.0;
54.73633999999952;19160.0;19159.9885168;19159.9885168;19159.9885168;19160.0;
54.80666666666619;19160.0;19159.9885168;19159.9885168;19159.9885168;19160.0;
54.90666666666619;19160.0;19159.9885168;19159.9885168;19159.9885168;19160.0;
55.020999999999525;19160.0;19159.9885168;19159.9885168;19159.9885168;19160.0;
55.13533333333286;19160.0;19159.9885168;19159.9885168;19159.9885168;19160.0;
55.23633999999952;19160.0;19159.9885168;19159.9885168;19159.9885168;19160.0;
55.33633999999952;19160.0;19159.9885168;19159.9885168;19159.9885168;19160.0;
55.43633999999951;19160.0;19159.9885168;19159.9885168;19159.9885168;19160.0;
55.536339999999505;19160.0;19159.9885168;19159.9885168;19159.9885168;19160.0;
55.6069999999995;19160.0;19159.9885168;19159.9885168;19159.9885168;19160.0;
55.706999999999496;19160.0;19159.9885168;19159.9885168;19159.9885168;19160.0;
55.821333333332824;19160.0;19159.9885168;19159.9885168;19159.9885168;19160.0;
55.93566666666615;19160.0;19159.9885168;19159.9885168;19159.9885168;19160.0;
56.036339999999484;19160.0;19159.9885168;19159.9885168;19159.9885168;19160.0;
56.136339999999485;19160.0;19159.9885168;19159.9885168;19159.9885168;19160.0;
56.23633999999949;19160.0;19159.9885168;19159.9885168;19159.9885168;19160.0;
56.33633999999949;19160.0;19159.9885168;19159.9885168;19159.9885168;19160.0;
56.40733333333282;19160.0;19159.9885168;19159.9885168;19159.9885168;19160.0;
56.507333333332824;19160.0;19159.9885168;19159.9885168;19159.9885168;19160.0;
56.62166666666616;19160.0;19159.9885168;19159.9885168;19159.9885168;19160.0;
56.73599999999949;19160.0;19159.9885168;19159.9885168;19159.9885168;19160.0;
56.83633999999949;19160.0;19159.9885168;19159.9885168;19159.9885168;19160.0;
56.93633999999948;19160.0;19159.9885168;19159.9885168;19159.9885168;19160.0;
57.03633999999948;19160.0;19159.9885168;19159.9885168;19159.9885168;19160.0;
57.13633999999947;19160.0;19159.9885168;19159.9885168;19159.9885168;19160.0;
57.207666666666135;19160.0;19159.9885168;19159.9885168;19159.9885168;19160.0;
57.30766666666613;19160.0;19159.9885168;19159.9885168;19159.9885168;19160.0;
57.42199999999946;19160.0;19159.9885168;19159.9885168;19159.9885168;19160.0;
57.536333333332784;19160.0;19159.9885168;19159.9885168;19159.9885168;19160.0;
57.63633999999945;19160.0;19159.9885168;19159.9885168;19159.9885168;19160.0;
57.73633999999945;19160.0;19159.9885168;19159.9885168;19159.9885168;19160.0;
57.83633999999945;19160.0;19159.9885168;19159.9885168;19159.9885168;19160.0;
57.936339999999454;19160.0;19159.9885168;19159.9885168;19159.9885168;19160.0;
58.007999999999456;19160.0;19159.9885168;19159.9885168;19159.9885168;19160.0;
58.10799999999946;19160.0;19159.9885168;19159.9885168;19159.9885168;19160.0;
58.22233333333279;19160.0;19159.9885168;19159.9885168;19159.9885168;19160.0;
58.33633999999945;19160.0;19159.9885168;19159.9885168;19159.9885168;19160.0;
58.43633999999945;19160.0;19159.9885168;19159.9885168;19159.9885168;19160.0;
58.53633999999944;19160.0;19159.9885168;19159.9885168;19159.9885168;19160.0;
