Time (Sec);S1;S2;S4;S6;S8;
0.0;19160.0;19160.0;19160.0;19160.0;19160.0;
0.12666666666666668;19160.0;19160.0;19160.0;19159.9897088;19160.0;
0.22666666666666668;19160.0;19160.0;19160.0;19159.9897088;19160.0;
0.32666666666666666;19160.0;19160.0;19160.0;19159.9897088;19160.0;
0.42666666666666664;19160.0;19160.0;19160.0;19159.9897088;19160.0;
0.5266666666666666;19160.0;19160.0;19160.0;19159.9897088;19160.0;
0.6266666666666666;19160.0;19160.0;19160.0;19159.9897088;19160.0;
0.7266666666666666;19160.0;19160.0;19160.0;19159.9897088;19160.0;
0.8266666666666665;19160.0;19160.0;19160.0;19159.9897088;19160.0;
0.9266666666666665;19160.0;19160.0;19160.0;19159.9897088;19160.0;
1.0266666666666666;19160.0;19160.0;19160.0;19159.9897088;19160.0;
1.1266666666666665;19160.0;19160.0;19160.0;19159.9896088;19160.0;
1.2266666666666666;19160.0;19159.9999;19159.9999;19159.9896088;19159.9999;
1.3266666666666667;19160.0;19159.9999;19159.9999;19159.9896088;19159.9999;
1.4266666666666667;19160.0;19159.9999;19159.9999;19159.9896088;19159.9999;
1.5266666666666668;19160.0;19159.9999;19159.9999;19159.9896088;19159.9999;
1.626666666666667;19160.0;19159.9999;19159.9999;19159.9896088;19159.9999;
1.726666666666667;19160.0;19159.9999;19159.9999;19159.9896088;19159.9999;
1.826666666666667;19160.0;19159.9999;19159.9999;19159.9896088;19159.9999;
1.9266666666666672;19160.0;19159.9999;19159.9999;19159.9896088;19159.9999;
2.0266666666666673;19160.0;19159.9999;19159.9999;19159.9896088;19159.9999;
2.1266666666666674;19160.0;19159.9999;19159.9999;19159.9896088;19159.9999;
2.2266666666666675;19160.0;19159.9999;19159.9999;19159.989508799998;19159.9999;
2.3266666666666675;19160.0;19159.999799999998;19159.999799999998;19159.989508799998;19159.999799999998;
2.4266666666666676;19160.0;19159.999799999998;19159.999799999998;19159.989508799998;19159.999799999998;
2.5266666666666677;19160.0;19159.999799999998;19159.999799999998;19159.989508799998;19159.999799999998;
2.626666666666668;19160.0;19159.999799999998;19159.999799999998;19159.989508799998;19159.999799999998;
2.726666666666668;19160.0;19159.999799999998;19159.999799999998;19159.989508799998;19159.999799999998;
2.826666666666668;19160.0;19159.999799999998;19159.999799999998;19159.989508799998;19159.999799999998;
2.926666666666668;19160.0;19159.999799999998;19159.999799999998;19159.989508799998;19159.999799999998;
3.026666666666668;19160.0;19159.999799999998;19159.999799999998;19159.989508799998;19159.999799999998;
3.1266666666666683;19160.0;19159.999799999998;19159.999799999998;19159.989508799998;19159.999799999998;
3.2266666666666683;19160.0;19159.999799999998;19159.999799999998;19159.989508799998;19159.999799999998;
3.3266666666666684;19160.0;19159.999799999998;19159.999799999998;19159.989408799996;19159.999799999998;
3.4266666666666685;19160.0;19159.999699999997;19159.999699999997;19159.989408799996;19159.999699999997;
3.5266666666666686;19160.0;19159.999699999997;19159.999699999997;19159.989408799996;19159.999699999997;
3.6266666666666687;19160.0;19159.999699999997;19159.999699999997;19159.989408799996;19159.999699999997;
3.726666666666669;19160.0;19159.999699999997;19159.999699999997;19159.989408799996;19159.999699999997;
3.826666666666669;19160.0;19159.999699999997;19159.999699999997;19159.989408799996;19159.999699999997;
3.926666666666669;19160.0;19159.999699999997;19159.999699999997;19159.989408799996;19159.999699999997;
4.026666666666669;19160.0;19159.999699999997;19159.999699999997;19159.989408799996;19159.999699999997;
4.126666666666669;19160.0;19159.999699999997;19159.999699999997;19159.989408799996;19159.999699999997;
4.226666666666668;19160.0;19159.999699999997;19159.999699999997;19159.989408799996;19159.999699999997;
4.326666666666668;19160.0;19159.999699999997;19159.999699999997;19159.989408799996;19159.999699999997;
4.4266666666666685;19160.0;19159.999699999997;19159.999699999997;19159.989308799995;19159.999699999997;
4.526666666666669;19160.0;19159.999599999996;19159.999599999996;19159.989308799995;19159.999599999996;
4.62666666666667;19160.0;19159.999599999996;19159.999599999996;19159.989308799995;19159.999599999996;
4.726666666666669;19160.0;19159.999599999996;19159.999599999996;19159.989308799995;19159.999599999996;
4.826666666666669;19160.0;19159.999599999996;19159.999599999996;19159.989308799995;19159.999599999996;
4.9266666666666685;19160.0;19159.999599999996;19159.999599999996;19159.989308799995;19159.999599999996;
5.026666666666668;19160.0;19159.999599999996;19159.999599999996;19159.989308799995;19159.999599999996;
5.126666666666668;19160.0;19159.999599999996;19159.999599999996;19159.989308799995;19159.999599999996;
5.2266666666666675;19160.0;19159.999599999996;19159.999599999996;19159.989308799995;19159.999599999996;
5.326666666666667;19160.0;19159.999599999996;19159.999599999996;19159.989308799995;19159.999599999996;
5.426666666666667;19160.0;19159.999599999996;19159.999599999996;19159.989308799995;19159.999599999996;
5.526666666666667;19160.0;19159.999599999996;19159.999599999996;19159.989208799994;19159.999599999996;
5.626666666666668;19160.0;19159.999499999994;19159.999499999994;19159.989208799994;19159.999499999994;
5.726666666666668;19160.0;19159.999499999994;19159.999499999994;19159.989208799994;19159.999499999994;
5.826666666666668;19160.0;19159.999499999994;19159.999499999994;19159.989208799994;19159.999499999994;
5.926666666666668;19160.0;19159.999499999994;19159.999499999994;19159.989208799994;19159.999499999994;
6.000000000000006;19160.0;19159.999499999994;19159.999499999994;19159.989208799994;19159.999499999994;
6.126666666666668;19160.0;19159.999499999994;19159.999499999994;19159.989208799994;19159.999499999994;
6.2266666666666675;19160.0;19159.999499999994;19159.999499999994;19159.989208799994;19159.999499999994;
6.326666666666667;19160.0;19159.999499999994;19159.999499999994;19159.989208799994;19159.999499999994;
6.426666666666667;19160.0;19159.999499999994;19159.999499999994;19159.989208799994;19159.999499999994;
6.526666666666666;19160.0;19159.999499999994;19159.999499999994;19159.989208799994;19159.999499999994;
6.626666666666667;19160.0;19159.999499999994;19159.999499999994;19159.989108799993;19159.999499999994;
6.7266666666666675;19160.0;19159.999399999993;19159.999399999993;19159.989108799993;19159.999399999993;
6.826666666666668;19160.0;19159.999399999993;19159.999399999993;19159.989108799993;19159.999399999993;
6.926666666666668;19160.0;19159.999399999993;19159.999399999993;19159.989108799993;19159.999399999993;
7.026666666666667;19160.0;19159.999399999993;19159.999399999993;19159.989108799993;19159.999399999993;
7.126666666666667;19160.0;19159.999399999993;19159.999399999993;19159.989108799993;19159.999399999993;
7.226666666666667;19160.0;19159.999399999993;19159.999399999993;19159.989108799993;19159.999399999993;
7.326666666666666;19160.0;19159.999399999993;19159.999399999993;19159.989108799993;19159.999399999993;
7.426666666666666;19160.0;19159.999399999993;19159.999399999993;19159.989108799993;19159.999399999993;
7.5266666666666655;19160.0;19159.999399999993;19159.999399999993;19159.989108799993;19159.999399999993;
7.626666666666665;19160.0;19159.999399999993;19159.999399999993;19159.989108799993;19159.999399999993;
7.726666666666665;19160.0;19159.999399999993;19159.999399999993;19159.989008799992;19159.999399999993;
7.826666666666664;19160.0;19159.999299999992;19159.999299999992;19159.989008799992;19159.999299999992;
7.926666666666665;19160.0;19159.999299999992;19159.999299999992;19159.989008799992;19159.999299999992;
8.026666666666666;19160.0;19159.999299999992;19159.999299999992;19159.989008799992;19159.999299999992;
8.126666666666665;19160.0;19159.999299999992;19159.999299999992;19159.989008799992;19159.999299999992;
8.226666666666665;19160.0;19159.999299999992;19159.999299999992;19159.989008799992;19159.999299999992;
8.326666666666664;19160.0;19159.999299999992;19159.999299999992;19159.989008799992;19159.999299999992;
8.426666666666664;19160.0;19159.999299999992;19159.999299999992;19159.989008799992;19159.999299999992;
8.526666666666664;19160.0;19159.999299999992;19159.999299999992;19159.989008799992;19159.999299999992;
8.626666666666663;19160.0;19159.999299999992;19159.999299999992;19159.989008799992;19159.999299999992;
8.726666666666663;19160.0;19159.999299999992;19159.999299999992;19159.989008799992;19159.999299999992;
8.826666666666664;19160.0;19159.999299999992;19159.999299999992;19159.98890879999;19159.999299999992;
8.926666666666664;19160.0;19159.99919999999;19159.99919999999;19159.98890879999;19159.99919999999;
9.026666666666664;19160.0;19159.99919999999;19159.99919999999;19159.98890879999;19159.99919999999;
9.126666666666663;19160.0;19159.99919999999;19159.99919999999;19159.98890879999;19159.99919999999;
9.226666666666663;19160.0;19159.99919999999;19159.99919999999;19159.98890879999;19159.99919999999;
9.326666666666663;19160.0;19159.99919999999;19159.99919999999;19159.98890879999;19159.99919999999;
9.426666666666662;19160.0;19159.99919999999;19159.99919999999;19159.98890879999;19159.99919999999;
9.526666666666662;19160.0;19159.99919999999;19159.99919999999;19159.98890879999;19159.99919999999;
9.626666666666662;19160.0;19159.99919999999;19159.99919999999;19159.98890879999;19159.99919999999;
9.726666666666661;19160.0;19159.99919999999;19159.99919999999;19159.98890879999;19159.99919999999;
9.82666666666666;19160.0;19159.99919999999;19159.99919999999;19159.98890879999;19159.99919999999;
9.926666666666662;19160.0;19159.99919999999;19159.99919999999;19159.98880879999;19159.99919999999;
10.026666666666664;19160.0;19159.99909999999;19159.99909999999;19159.98880879999;19159.99909999999;
10.126666666666665;19160.0;19159.99909999999;19159.99909999999;19159.98880879999;19159.99909999999;
10.226666666666665;19160.0;19159.99909999999;19159.99909999999;19159.98880879999;19159.99909999999;
10.326666666666664;19160.0;19159.99909999999;19159.99909999999;19159.98880879999;19159.99909999999;
10.426666666666664;19160.0;19159.99909999999;19159.99909999999;19159.98880879999;19159.99909999999;
10.526666666666664;19160.0;19159.99909999999;19159.99909999999;19159.98880879999;19159.99909999999;
10.626666666666663;19160.0;19159.99909999999;19159.99909999999;19159.98880879999;19159.99909999999;
10.726666666666663;19160.0;19159.99909999999;19159.99909999999;19159.98880879999;19159.99909999999;
10.826666666666663;19160.0;19159.99909999999;19159.99909999999;19159.98880879999;19159.99909999999;
10.926666666666662;19160.0;19159.99909999999;19159.99909999999;19159.98880879999;19159.99909999999;
11.026666666666664;19160.0;19159.99909999999;19159.99909999999;19159.98870879999;19159.99909999999;
11.126666666666665;19160.0;19159.99899999999;19159.99899999999;19159.98870879999;19159.99899999999;
11.226666666666667;19160.0;19159.99899999999;19159.99899999999;19159.98870879999;19159.99899999999;
11.326666666666666;19160.0;19159.99899999999;19159.99899999999;19159.98870879999;19159.99899999999;
11.426666666666666;19160.0;19159.99899999999;19159.99899999999;19159.98870879999;19159.99899999999;
11.526666666666666;19160.0;19159.99899999999;19159.99899999999;19159.98870879999;19159.99899999999;
11.626666666666665;19160.0;19159.99899999999;19159.99899999999;19159.98870879999;19159.99899999999;
11.726666666666665;19160.0;19159.99899999999;19159.99899999999;19159.98870879999;19159.99899999999;
11.826666666666664;19160.0;19159.99899999999;19159.99899999999;19159.98870879999;19159.99899999999;
11.926666666666664;19160.0;19159.99899999999;19159.99899999999;19159.98870879999;19159.99899999999;
12.000000000000002;19160.0;19159.99899999999;19159.99899999999;19159.98870879999;19159.99899999999;
12.126666666666665;19160.0;19159.99899999999;19159.99899999999;19159.988608799988;19159.99899999999;
12.226666666666667;19160.0;19159.998899999988;19159.998899999988;19159.988608799988;19159.998899999988;
12.326666666666668;19160.0;19159.998899999988;19159.998899999988;19159.988608799988;19159.998899999988;
12.426666666666668;19160.0;19159.998899999988;19159.998899999988;19159.988608799988;19159.998899999988;
12.526666666666667;19160.0;19159.998899999988;19159.998899999988;19159.988608799988;19159.998899999988;
12.626666666666667;19160.0;19159.998899999988;19159.998899999988;19159.988608799988;19159.998899999988;
12.726666666666667;19160.0;19159.998899999988;19159.998899999988;19159.988608799988;19159.998899999988;
12.826666666666666;19160.0;19159.998899999988;19159.998899999988;19159.988608799988;19159.998899999988;
12.926666666666666;19160.0;19159.998899999988;19159.998899999988;19159.988608799988;19159.998899999988;
13.026666666666666;19160.0;19159.998899999988;19159.998899999988;19159.988608799988;19159.998899999988;
13.126666666666665;19160.0;19159.998899999988;19159.998899999988;19159.988608799988;19159.998899999988;
13.226666666666665;19160.0;19159.998899999988;19159.998899999988;19159.988508799986;19159.998899999988;
13.326666666666664;19160.0;19159.998799999987;19159.998799999987;19159.988508799986;19159.998799999987;
13.426666666666666;19160.0;19159.998799999987;19159.998799999987;19159.988508799986;19159.998799999987;
13.526666666666666;19160.0;19159.998799999987;19159.998799999987;19159.988508799986;19159.998799999987;
13.626666666666665;19160.0;19159.998799999987;19159.998799999987;19159.988508799986;19159.998799999987;
13.726666666666665;19160.0;19159.998799999987;19159.998799999987;19159.988508799986;19159.998799999987;
13.826666666666664;19160.0;19159.998799999987;19159.998799999987;19159.988508799986;19159.998799999987;
13.926666666666664;19160.0;19159.998799999987;19159.998799999987;19159.988508799986;19159.998799999987;
14.026666666666664;19160.0;19159.998799999987;19159.998799999987;19159.988508799986;19159.998799999987;
14.126666666666663;19160.0;19159.998799999987;19159.998799999987;19159.988508799986;19159.998799999987;
14.226666666666663;19160.0;19159.998799999987;19159.998799999987;19159.988508799986;19159.998799999987;
14.326666666666663;19160.0;19159.998799999987;19159.998799999987;19159.988408799985;19159.998799999987;
14.426666666666662;19160.0;19159.998699999986;19159.998699999986;19159.988408799985;19159.998699999986;
14.526666666666662;19160.0;19159.998699999986;19159.998699999986;19159.988408799985;19159.998699999986;
14.626666666666662;19160.0;19159.998699999986;19159.998699999986;19159.988408799985;19159.998699999986;
14.726666666666661;19160.0;19159.998699999986;19159.998699999986;19159.988408799985;19159.998699999986;
14.82666666666666;19160.0;19159.998699999986;19159.998699999986;19159.988408799985;19159.998699999986;
14.92666666666666;19160.0;19159.998699999986;19159.998699999986;19159.988408799985;19159.998699999986;
15.02666666666666;19160.0;19159.998699999986;19159.998699999986;19159.988408799985;19159.998699999986;
15.12666666666666;19160.0;19159.998699999986;19159.998699999986;19159.988408799985;19159.998699999986;
15.22666666666666;19160.0;19159.998699999986;19159.998699999986;19159.988408799985;19159.998699999986;
15.326666666666659;19160.0;19159.998699999986;19159.998699999986;19159.988408799985;19159.998699999986;
15.426666666666659;19160.0;19159.998699999986;19159.998699999986;19159.988308799984;19159.998699999986;
15.526666666666658;19160.0;19159.998599999984;19159.998599999984;19159.988308799984;19159.998599999984;
15.626666666666658;19160.0;19159.998599999984;19159.998599999984;19159.988308799984;19159.998599999984;
15.726666666666658;19160.0;19159.998599999984;19159.998599999984;19159.988308799984;19159.998599999984;
15.826666666666657;19160.0;19159.998599999984;19159.998599999984;19159.988308799984;19159.998599999984;
15.926666666666657;19160.0;19159.998599999984;19159.998599999984;19159.988308799984;19159.998599999984;
16.026666666666657;19160.0;19159.998599999984;19159.998599999984;19159.988308799984;19159.998599999984;
16.126666666666658;19160.0;19159.998599999984;19159.998599999984;19159.988308799984;19159.998599999984;
16.22666666666666;19160.0;19159.998599999984;19159.998599999984;19159.988308799984;19159.998599999984;
16.32666666666666;19160.0;19159.998599999984;19159.998599999984;19159.988308799984;19159.998599999984;
16.426666666666662;19160.0;19159.998599999984;19159.998599999984;19159.988308799984;19159.998599999984;
16.526666666666664;19160.0;19159.998599999984;19159.998599999984;19159.988208799983;19159.998599999984;
16.626666666666665;19160.0;19159.998499999983;19159.998499999983;19159.988208799983;19159.998499999983;
16.726666666666663;19160.0;19159.998499999983;19159.998499999983;19159.988208799983;19159.998499999983;
16.826666666666664;19160.0;19159.998499999983;19159.998499999983;19159.988208799983;19159.998499999983;
16.926666666666666;19160.0;19159.998499999983;19159.998499999983;19159.988208799983;19159.998499999983;
17.026666666666667;19160.0;19159.998499999983;19159.998499999983;19159.988208799983;19159.998499999983;
17.12666666666667;19160.0;19159.998499999983;19159.998499999983;19159.988208799983;19159.998499999983;
17.22666666666667;19160.0;19159.998499999983;19159.998499999983;19159.988208799983;19159.998499999983;
17.32666666666667;19160.0;19159.998499999983;19159.998499999983;19159.988208799983;19159.998499999983;
17.426666666666673;19160.0;19159.998499999983;19159.998499999983;19159.988208799983;19159.998499999983;
17.526666666666674;19160.0;19159.998499999983;19159.998499999983;19159.988208799983;19159.998499999983;
17.626666666666676;19160.0;19159.998499999983;19159.998499999983;19159.988108799982;19159.998499999983;
17.726666666666677;19160.0;19159.998399999982;19159.998399999982;19159.988108799982;19159.998399999982;
17.826666666666675;19160.0;19159.998399999982;19159.998399999982;19159.988108799982;19159.998399999982;
17.926666666666677;19160.0;19159.998399999982;19159.998399999982;19159.988108799982;19159.998399999982;
18.000000000000018;19160.0;19159.998399999982;19159.998399999982;19159.988108799982;19159.998399999982;
18.126666666666676;19160.0;19159.998399999982;19159.998399999982;19159.988108799982;19159.998399999982;
18.226666666666677;19160.0;19159.998399999982;19159.998399999982;19159.988108799982;19159.998399999982;
18.32666666666668;19160.0;19159.998399999982;19159.998399999982;19159.988108799982;19159.998399999982;
18.42666666666668;19160.0;19159.998399999982;19159.998399999982;19159.988108799982;19159.998399999982;
18.52666666666668;19160.0;19159.998399999982;19159.998399999982;19159.988108799982;19159.998399999982;
18.626666666666683;19160.0;19159.998399999982;19159.998399999982;19159.988108799982;19159.998399999982;
18.726666666666684;19160.0;19159.998399999982;19159.998399999982;19159.98800879998;19159.998399999982;
18.82666666666669;19160.0;19159.99829999998;19159.99829999998;19159.98800879998;19159.99829999998;
18.92666666666669;19160.0;19159.99829999998;19159.99829999998;19159.98800879998;19159.99829999998;
19.026666666666692;19160.0;19159.99829999998;19159.99829999998;19159.98800879998;19159.99829999998;
19.126666666666694;19160.0;19159.99829999998;19159.99829999998;19159.98800879998;19159.99829999998;
19.226666666666695;19160.0;19159.99829999998;19159.99829999998;19159.98800879998;19159.99829999998;
19.326666666666696;19160.0;19159.99829999998;19159.99829999998;19159.98800879998;19159.99829999998;
19.426666666666698;19160.0;19159.99829999998;19159.99829999998;19159.98800879998;19159.99829999998;
19.5266666666667;19160.0;19159.99829999998;19159.99829999998;19159.98800879998;19159.99829999998;
19.6266666666667;19160.0;19159.99829999998;19159.99829999998;19159.98800879998;19159.99829999998;
19.726666666666702;19160.0;19159.99829999998;19159.99829999998;19159.98800879998;19159.99829999998;
19.826666666666704;19160.0;19159.99829999998;19159.99829999998;19159.98790879998;19159.99829999998;
19.92666666666671;19160.0;19159.99819999998;19159.99819999998;19159.98790879998;19159.99819999998;
20.02666666666671;19160.0;19159.99819999998;19159.99819999998;19159.98790879998;19159.99819999998;
20.12666666666671;19160.0;19159.99819999998;19159.99819999998;19159.98790879998;19159.99819999998;
20.226666666666713;19160.0;19159.99819999998;19159.99819999998;19159.98790879998;19159.99819999998;
20.326666666666714;19160.0;19159.99819999998;19159.99819999998;19159.98790879998;19159.99819999998;
20.426666666666716;19160.0;19159.99819999998;19159.99819999998;19159.98790879998;19159.99819999998;
20.526666666666717;19160.0;19159.99819999998;19159.99819999998;19159.98790879998;19159.99819999998;
20.62666666666672;19160.0;19159.99819999998;19159.99819999998;19159.98790879998;19159.99819999998;
20.72666666666672;19160.0;19159.99819999998;19159.99819999998;19159.98790879998;19159.99819999998;
20.82666666666672;19160.0;19159.99819999998;19159.99819999998;19159.98790879998;19159.99819999998;
20.92666666666672;19160.0;19159.99819999998;19159.99819999998;19159.98780879998;19159.99819999998;
21.02666666666672;19160.0;19159.99809999998;19159.99809999998;19159.98780879998;19159.99809999998;
21.126666666666722;19160.0;19159.99809999998;19159.99809999998;19159.98780879998;19159.99809999998;
21.226666666666723;19160.0;19159.99809999998;19159.99809999998;19159.98780879998;19159.99809999998;
21.326666666666725;19160.0;19159.99809999998;19159.99809999998;19159.98780879998;19159.99809999998;
21.426666666666726;19160.0;19159.99809999998;19159.99809999998;19159.98780879998;19159.99809999998;
21.526666666666728;19160.0;19159.99809999998;19159.99809999998;19159.98780879998;19159.99809999998;
21.62666666666673;19160.0;19159.99809999998;19159.99809999998;19159.98780879998;19159.99809999998;
21.72666666666673;19160.0;19159.99809999998;19159.99809999998;19159.98780879998;19159.99809999998;
21.826666666666732;19160.0;19159.99809999998;19159.99809999998;19159.98780879998;19159.99809999998;
21.926666666666733;19160.0;19159.99809999998;19159.99809999998;19159.98780879998;19159.99809999998;
22.02666666666673;19160.0;19159.99809999998;19159.99809999998;19159.987708799978;19159.99809999998;
22.126666666666733;19160.0;19159.997999999978;19159.997999999978;19159.987708799978;19159.997999999978;
22.226666666666734;19160.0;19159.997999999978;19159.997999999978;19159.987708799978;19159.997999999978;
22.326666666666735;19160.0;19159.997999999978;19159.997999999978;19159.987708799978;19159.997999999978;
22.426666666666737;19160.0;19159.997999999978;19159.997999999978;19159.987708799978;19159.997999999978;
22.52666666666674;19160.0;19159.997999999978;19159.997999999978;19159.987708799978;19159.997999999978;
22.62666666666674;19160.0;19159.997999999978;19159.997999999978;19159.987708799978;19159.997999999978;
22.72666666666674;19160.0;19159.997999999978;19159.997999999978;19159.987708799978;19159.997999999978;
22.826666666666743;19160.0;19159.997999999978;19159.997999999978;19159.987708799978;19159.997999999978;
22.926666666666744;19160.0;19159.997999999978;19159.997999999978;19159.987708799978;19159.997999999978;
23.026666666666745;19160.0;19159.997999999978;19159.997999999978;19159.987708799978;19159.997999999978;
23.126666666666743;19160.0;19159.997999999978;19159.997999999978;19159.987608799976;19159.997999999978;
23.226666666666745;19160.0;19159.997899999977;19159.997899999977;19159.987608799976;19159.997899999977;
23.326666666666746;19160.0;19159.997899999977;19159.997899999977;19159.987608799976;19159.997899999977;
23.426666666666748;19160.0;19159.997899999977;19159.997899999977;19159.987608799976;19159.997899999977;
23.52666666666675;19160.0;19159.997899999977;19159.997899999977;19159.987608799976;19159.997899999977;
23.62666666666675;19160.0;19159.997899999977;19159.997899999977;19159.987608799976;19159.997899999977;
23.726666666666752;19160.0;19159.997899999977;19159.997899999977;19159.987608799976;19159.997899999977;
23.826666666666753;19160.0;19159.997899999977;19159.997899999977;19159.987608799976;19159.997899999977;
23.926666666666755;19160.0;19159.997899999977;19159.997899999977;19159.987608799976;19159.997899999977;
24.000000000000103;19160.0;19159.997899999977;19159.997899999977;19159.987608799976;19159.997899999977;
24.126666666666758;19160.0;19159.997899999977;19159.997899999977;19159.987608799976;19159.997899999977;
24.226666666666755;19160.0;19159.997899999977;19159.997899999977;19159.987508799975;19159.997899999977;
24.326666666666757;19160.0;19159.997799999976;19159.997799999976;19159.987508799975;19159.997799999976;
24.42666666666676;19160.0;19159.997799999976;19159.997799999976;19159.987508799975;19159.997799999976;
24.52666666666676;19160.0;19159.997799999976;19159.997799999976;19159.987508799975;19159.997799999976;
24.62666666666676;19160.0;19159.997799999976;19159.997799999976;19159.987508799975;19159.997799999976;
24.726666666666762;19160.0;19159.997799999976;19159.997799999976;19159.987508799975;19159.997799999976;
24.826666666666764;19160.0;19159.997799999976;19159.997799999976;19159.987508799975;19159.997799999976;
24.926666666666765;19160.0;19159.997799999976;19159.997799999976;19159.987508799975;19159.997799999976;
25.026666666666767;19160.0;19159.997799999976;19159.997799999976;19159.987508799975;19159.997799999976;
25.126666666666768;19160.0;19159.997799999976;19159.997799999976;19159.987508799975;19159.997799999976;
25.22666666666677;19160.0;19159.997799999976;19159.997799999976;19159.987508799975;19159.997799999976;
25.326666666666767;19160.0;19159.997799999976;19159.997799999976;19159.987408799974;19159.997799999976;
25.42666666666677;19160.0;19159.997699999974;19159.997699999974;19159.987408799974;19159.997699999974;
25.52666666666677;19160.0;19159.997699999974;19159.997699999974;19159.987408799974;19159.997699999974;
25.62666666666677;19160.0;19159.997699999974;19159.997699999974;19159.987408799974;19159.997699999974;
25.726666666666773;19160.0;19159.997699999974;19159.997699999974;19159.987408799974;19159.997699999974;
25.826666666666775;19160.0;19159.997699999974;19159.997699999974;19159.987408799974;19159.997699999974;
25.926666666666776;19160.0;19159.997699999974;19159.997699999974;19159.987408799974;19159.997699999974;
26.026666666666777;19160.0;19159.997699999974;19159.997699999974;19159.987408799974;19159.997699999974;
26.12666666666678;19160.0;19159.997699999974;19159.997699999974;19159.987408799974;19159.997699999974;
26.22666666666678;19160.0;19159.997699999974;19159.997699999974;19159.987408799974;19159.997699999974;
26.32666666666678;19160.0;19159.997699999974;19159.997699999974;19159.987408799974;19159.997699999974;
26.42666666666678;19160.0;19159.997699999974;19159.997699999974;19159.987308799973;19159.997699999974;
26.52666666666678;19160.0;19159.997599999973;19159.997599999973;19159.987308799973;19159.997599999973;
26.626666666666782;19160.0;19159.997599999973;19159.997599999973;19159.987308799973;19159.997599999973;
26.726666666666784;19160.0;19159.997599999973;19159.997599999973;19159.987308799973;19159.997599999973;
26.826666666666785;19160.0;19159.997599999973;19159.997599999973;19159.987308799973;19159.997599999973;
26.926666666666787;19160.0;19159.997599999973;19159.997599999973;19159.987308799973;19159.997599999973;
27.026666666666788;19160.0;19159.997599999973;19159.997599999973;19159.987308799973;19159.997599999973;
27.12666666666679;19160.0;19159.997599999973;19159.997599999973;19159.987308799973;19159.997599999973;
27.22666666666679;19160.0;19159.997599999973;19159.997599999973;19159.987308799973;19159.997599999973;
27.326666666666792;19160.0;19159.997599999973;19159.997599999973;19159.987308799973;19159.997599999973;
27.426666666666794;19160.0;19159.997599999973;19159.997599999973;19159.987308799973;19159.997599999973;
27.52666666666679;19160.0;19159.997599999973;19159.997599999973;19159.987208799972;19159.997599999973;
27.626666666666793;19160.0;19159.997499999972;19159.997499999972;19159.987208799972;19159.997499999972;
27.726666666666794;19160.0;19159.997499999972;19159.997499999972;19159.987208799972;19159.997499999972;
27.826666666666796;19160.0;19159.997499999972;19159.997499999972;19159.987208799972;19159.997499999972;
27.926666666666797;19160.0;19159.997499999972;19159.997499999972;19159.987208799972;19159.997499999972;
28.0266666666668;19160.0;19159.997499999972;19159.997499999972;19159.987208799972;19159.997499999972;
28.1266666666668;19160.0;19159.997499999972;19159.997499999972;19159.987208799972;19159.997499999972;
28.2266666666668;19160.0;19159.997499999972;19159.997499999972;19159.987208799972;19159.997499999972;
28.326666666666803;19160.0;19159.997499999972;19159.997499999972;19159.987208799972;19159.997499999972;
28.426666666666804;19160.0;19159.997499999972;19159.997499999972;19159.987208799972;19159.997499999972;
28.526666666666806;19160.0;19159.997499999972;19159.997499999972;19159.987208799972;19159.997499999972;
28.626666666666804;19160.0;19159.997499999972;19159.997499999972;19159.98710879997;19159.997499999972;
28.726666666666805;19160.0;19159.99739999997;19159.99739999997;19159.98710879997;19159.99739999997;
28.826666666666807;19160.0;19159.99739999997;19159.99739999997;19159.98710879997;19159.99739999997;
28.926666666666808;19160.0;19159.99739999997;19159.99739999997;19159.98710879997;19159.99739999997;
29.02666666666681;19160.0;19159.99739999997;19159.99739999997;19159.98710879997;19159.99739999997;
29.12666666666681;19160.0;19159.99739999997;19159.99739999997;19159.98710879997;19159.99739999997;
29.226666666666812;19160.0;19159.99739999997;19159.99739999997;19159.98710879997;19159.99739999997;
29.326666666666814;19160.0;19159.99739999997;19159.99739999997;19159.98710879997;19159.99739999997;
29.426666666666815;19160.0;19159.99739999997;19159.99739999997;19159.98710879997;19159.99739999997;
29.526666666666816;19160.0;19159.99739999997;19159.99739999997;19159.98710879997;19159.99739999997;
29.626666666666818;19160.0;19159.99739999997;19159.99739999997;19159.98710879997;19159.99739999997;
29.726666666666816;19160.0;19159.99739999997;19159.99739999997;19159.98700879997;19159.99739999997;
29.826666666666817;19160.0;19159.99729999997;19159.99729999997;19159.98700879997;19159.99729999997;
29.92666666666682;19160.0;19159.99729999997;19159.99729999997;19159.98700879997;19159.99729999997;
30.000000000000167;19160.0;19159.99729999997;19159.99729999997;19159.98700879997;19159.99729999997;
30.12666666666682;19160.0;19159.99729999997;19159.99729999997;19159.98700879997;19159.99729999997;
30.226666666666823;19160.0;19159.99729999997;19159.99729999997;19159.98700879997;19159.99729999997;
30.326666666666824;19160.0;19159.99729999997;19159.99729999997;19159.98700879997;19159.99729999997;
30.426666666666826;19160.0;19159.99729999997;19159.99729999997;19159.98700879997;19159.99729999997;
30.526666666666827;19160.0;19159.99729999997;19159.99729999997;19159.98700879997;19159.99729999997;
30.62666666666683;19160.0;19159.99729999997;19159.99729999997;19159.98700879997;19159.99729999997;
30.72666666666683;19160.0;19159.99729999997;19159.99729999997;19159.98700879997;19159.99729999997;
30.826666666666828;19160.0;19159.99729999997;19159.99729999997;19159.98690879997;19159.99729999997;
30.92666666666683;19160.0;19159.99719999997;19159.99719999997;19159.98690879997;19159.99719999997;
31.02666666666683;19160.0;19159.99719999997;19159.99719999997;19159.98690879997;19159.99719999997;
31.126666666666832;19160.0;19159.99719999997;19159.99719999997;19159.98690879997;19159.99719999997;
31.226666666666834;19160.0;19159.99719999997;19159.99719999997;19159.98690879997;19159.99719999997;
31.326666666666835;19160.0;19159.99719999997;19159.99719999997;19159.98690879997;19159.99719999997;
31.426666666666836;19160.0;19159.99719999997;19159.99719999997;19159.98690879997;19159.99719999997;
31.526666666666838;19160.0;19159.99719999997;19159.99719999997;19159.98690879997;19159.99719999997;
31.62666666666684;19160.0;19159.99719999997;19159.99719999997;19159.98690879997;19159.99719999997;
31.72666666666684;19160.0;19159.99719999997;19159.99719999997;19159.98690879997;19159.99719999997;
31.826666666666842;19160.0;19159.99719999997;19159.99719999997;19159.98690879997;19159.99719999997;
31.92666666666684;19160.0;19159.99719999997;19159.99719999997;19159.986808799968;19159.99719999997;
32.02666666666684;19160.0;19159.997099999968;19159.997099999968;19159.986808799968;19159.997099999968;
32.126666666666836;19160.0;19159.997099999968;19159.997099999968;19159.986808799968;19159.997099999968;
32.22666666666684;19160.0;19159.997099999968;19159.997099999968;19159.986808799968;19159.997099999968;
32.32666666666684;19160.0;19159.997099999968;19159.997099999968;19159.986808799968;19159.997099999968;
32.42666666666684;19160.0;19159.997099999968;19159.997099999968;19159.986808799968;19159.997099999968;
32.52666666666684;19160.0;19159.997099999968;19159.997099999968;19159.986808799968;19159.997099999968;
32.62666666666684;19160.0;19159.997099999968;19159.997099999968;19159.986808799968;19159.997099999968;
32.726666666666844;19160.0;19159.997099999968;19159.997099999968;19159.986808799968;19159.997099999968;
32.826666666666846;19160.0;19159.997099999968;19159.997099999968;19159.986808799968;19159.997099999968;
32.92666666666685;19160.0;19159.997099999968;19159.997099999968;19159.986808799968;19159.997099999968;
33.02666666666685;19160.0;19159.997099999968;19159.997099999968;19159.986708799966;19159.997099999968;
33.12666666666684;19160.0;19159.996999999967;19159.996999999967;19159.986708799966;19159.996999999967;
33.22666666666684;19160.0;19159.996999999967;19159.996999999967;19159.986708799966;19159.996999999967;
33.32666666666684;19160.0;19159.996999999967;19159.996999999967;19159.986708799966;19159.996999999967;
33.42666666666684;19160.0;19159.996999999967;19159.996999999967;19159.986708799966;19159.996999999967;
33.52666666666684;19160.0;19159.996999999967;19159.996999999967;19159.986708799966;19159.996999999967;
33.62666666666684;19160.0;19159.996999999967;19159.996999999967;19159.986708799966;19159.996999999967;
33.726666666666844;19160.0;19159.996999999967;19159.996999999967;19159.986708799966;19159.996999999967;
33.826666666666846;19160.0;19159.996999999967;19159.996999999967;19159.986708799966;19159.996999999967;
33.92666666666685;19160.0;19159.996999999967;19159.996999999967;19159.986708799966;19159.996999999967;
34.02666666666685;19160.0;19159.996999999967;19159.996999999967;19159.986708799966;19159.996999999967;
34.12666666666685;19160.0;19159.996999999967;19159.996999999967;19159.986608799965;19159.996999999967;
34.226666666666844;19160.0;19159.996899999966;19159.996899999966;19159.986608799965;19159.996899999966;
34.32666666666684;19160.0;19159.996899999966;19159.996899999966;19159.986608799965;19159.996899999966;
34.42666666666684;19160.0;19159.996899999966;19159.996899999966;19159.986608799965;19159.996899999966;
34.52666666666684;19160.0;19159.996899999966;19159.996899999966;19159.986608799965;19159.996899999966;
34.62666666666684;19160.0;19159.996899999966;19159.996899999966;19159.986608799965;19159.996899999966;
34.726666666666844;19160.0;19159.996899999966;19159.996899999966;19159.986608799965;19159.996899999966;
34.826666666666846;19160.0;19159.996899999966;19159.996899999966;19159.986608799965;19159.996899999966;
34.92666666666685;19160.0;19159.996899999966;19159.996899999966;19159.986608799965;19159.996899999966;
35.02666666666685;19160.0;19159.996899999966;19159.996899999966;19159.986608799965;19159.996899999966;
35.12666666666685;19160.0;19159.996899999966;19159.996899999966;19159.986608799965;19159.996899999966;
35.22666666666685;19160.0;19159.996899999966;19159.996899999966;19159.986508799964;19159.996899999966;
35.326666666666846;19160.0;19159.996799999964;19159.996799999964;19159.986508799964;19159.996799999964;
35.42666666666684;19160.0;19159.996799999964;19159.996799999964;19159.986508799964;19159.996799999964;
35.52666666666684;19160.0;19159.996799999964;19159.996799999964;19159.986508799964;19159.996799999964;
35.62666666666684;19160.0;19159.996799999964;19159.996799999964;19159.986508799964;19159.996799999964;
35.726666666666844;19160.0;19159.996799999964;19159.996799999964;19159.986508799964;19159.996799999964;
35.826666666666846;19160.0;19159.996799999964;19159.996799999964;19159.986508799964;19159.996799999964;
35.92666666666685;19160.0;19159.996799999964;19159.996799999964;19159.986508799964;19159.996799999964;
36.02666666666685;19160.0;19159.996799999964;19159.996799999964;19159.986508799964;19159.996799999964;
36.12666666666685;19160.0;19159.996799999964;19159.996799999964;19159.986508799964;19159.996799999964;
36.22666666666685;19160.0;19159.996799999964;19159.996799999964;19159.986508799964;19159.996799999964;
36.32666666666685;19160.0;19159.996799999964;19159.996799999964;19159.986408799963;19159.996799999964;
36.426666666666854;19160.0;19159.996699999963;19159.996699999963;19159.986408799963;19159.996699999963;
36.526666666666856;19160.0;19159.996699999963;19159.996699999963;19159.986408799963;19159.996699999963;
36.62666666666686;19160.0;19159.996699999963;19159.996699999963;19159.986408799963;19159.996699999963;
36.72666666666686;19160.0;19159.996699999963;19159.996699999963;19159.986408799963;19159.996699999963;
36.82666666666686;19160.0;19159.996699999963;19159.996699999963;19159.986408799963;19159.996699999963;
36.92666666666686;19160.0;19159.996699999963;19159.996699999963;19159.986408799963;19159.996699999963;
37.02666666666686;19160.0;19159.996699999963;19159.996699999963;19159.986408799963;19159.996699999963;
37.126666666666864;19160.0;19159.996699999963;19159.996699999963;19159.986408799963;19159.996699999963;
37.226666666666866;19160.0;19159.996699999963;19159.996699999963;19159.986408799963;19159.996699999963;
37.32666666666687;19160.0;19159.996699999963;19159.996699999963;19159.986408799963;19159.996699999963;
37.42666666666687;19160.0;19159.996699999963;19159.996699999963;19159.986308799962;19159.996699999963;
37.52666666666687;19160.0;19159.996599999962;19159.996599999962;19159.986308799962;19159.996599999962;
37.62666666666687;19160.0;19159.996599999962;19159.996599999962;19159.986308799962;19159.996599999962;
37.72666666666687;19160.0;19159.996599999962;19159.996599999962;19159.986308799962;19159.996599999962;
37.826666666666874;19160.0;19159.996599999962;19159.996599999962;19159.986308799962;19159.996599999962;
37.926666666666875;19160.0;19159.996599999962;19159.996599999962;19159.986308799962;19159.996599999962;
38.02666666666688;19160.0;19159.996599999962;19159.996599999962;19159.986308799962;19159.996599999962;
38.12666666666688;19160.0;19159.996599999962;19159.996599999962;19159.986308799962;19159.996599999962;
38.22666666666688;19160.0;19159.996599999962;19159.996599999962;19159.986308799962;19159.996599999962;
38.32666666666688;19160.0;19159.996599999962;19159.996599999962;19159.986308799962;19159.996599999962;
38.42666666666688;19160.0;19159.996599999962;19159.996599999962;19159.986308799962;19159.996599999962;
38.526666666666884;19160.0;19159.996599999962;19159.996599999962;19159.98620879996;19159.996599999962;
38.626666666666885;19160.0;19159.99649999996;19159.99649999996;19159.98620879996;19159.99649999996;
38.72666666666689;19160.0;19159.99649999996;19159.99649999996;19159.98620879996;19159.99649999996;
38.82666666666689;19160.0;19159.99649999996;19159.99649999996;19159.98620879996;19159.99649999996;
38.92666666666689;19160.0;19159.99649999996;19159.99649999996;19159.98620879996;19159.99649999996;
39.02666666666689;19160.0;19159.99649999996;19159.99649999996;19159.98620879996;19159.99649999996;
39.12666666666689;19160.0;19159.99649999996;19159.99649999996;19159.98620879996;19159.99649999996;
39.226666666666894;19160.0;19159.99649999996;19159.99649999996;19159.98620879996;19159.99649999996;
39.326666666666895;19160.0;19159.99649999996;19159.99649999996;19159.98620879996;19159.99649999996;
39.4266666666669;19160.0;19159.99649999996;19159.99649999996;19159.98620879996;19159.99649999996;
39.5266666666669;19160.0;19159.99649999996;19159.99649999996;19159.98620879996;19159.99649999996;
39.6266666666669;19160.0;19159.99649999996;19159.99649999996;19159.98610879996;19159.99649999996;
39.7266666666669;19160.0;19159.99639999996;19159.99639999996;19159.98610879996;19159.99639999996;
39.8266666666669;19160.0;19159.99639999996;19159.99639999996;19159.98610879996;19159.99639999996;
39.926666666666904;19160.0;19159.99639999996;19159.99639999996;19159.98610879996;19159.99639999996;
40.026666666666905;19160.0;19159.99639999996;19159.99639999996;19159.98610879996;19159.99639999996;
40.12666666666691;19160.0;19159.99639999996;19159.99639999996;19159.98610879996;19159.99639999996;
40.22666666666691;19160.0;19159.99639999996;19159.99639999996;19159.98610879996;19159.99639999996;
40.32666666666691;19160.0;19159.99639999996;19159.99639999996;19159.98610879996;19159.99639999996;
40.42666666666691;19160.0;19159.99639999996;19159.99639999996;19159.98610879996;19159.99639999996;
40.52666666666691;19160.0;19159.99639999996;19159.99639999996;19159.98610879996;19159.99639999996;
40.626666666666914;19160.0;19159.99639999996;19159.99639999996;19159.98610879996;19159.99639999996;
40.726666666666915;19160.0;19159.99639999996;19159.99639999996;19159.98600879996;19159.99639999996;
40.82666666666692;19160.0;19159.99629999996;19159.99629999996;19159.98600879996;19159.99629999996;
40.92666666666692;19160.0;19159.99629999996;19159.99629999996;19159.98600879996;19159.99629999996;
41.02666666666692;19160.0;19159.99629999996;19159.99629999996;19159.98600879996;19159.99629999996;
41.12666666666692;19160.0;19159.99629999996;19159.99629999996;19159.98600879996;19159.99629999996;
41.22666666666692;19160.0;19159.99629999996;19159.99629999996;19159.98600879996;19159.99629999996;
41.326666666666924;19160.0;19159.99629999996;19159.99629999996;19159.98600879996;19159.99629999996;
41.426666666666925;19160.0;19159.99629999996;19159.99629999996;19159.98600879996;19159.99629999996;
41.52666666666693;19160.0;19159.99629999996;19159.99629999996;19159.98600879996;19159.99629999996;
41.62666666666693;19160.0;19159.99629999996;19159.99629999996;19159.98600879996;19159.99629999996;
41.72666666666693;19160.0;19159.99629999996;19159.99629999996;19159.98600879996;19159.99629999996;
41.82666666666693;19160.0;19159.99629999996;19159.99629999996;19159.985908799958;19159.99629999996;
41.92666666666693;19160.0;19159.996199999958;19159.996199999958;19159.985908799958;19159.996199999958;
42.026666666666934;19160.0;19159.996199999958;19159.996199999958;19159.985908799958;19159.996199999958;
42.126666666666935;19160.0;19159.996199999958;19159.996199999958;19159.985908799958;19159.996199999958;
42.22666666666694;19160.0;19159.996199999958;19159.996199999958;19159.985908799958;19159.996199999958;
42.32666666666694;19160.0;19159.996199999958;19159.996199999958;19159.985908799958;19159.996199999958;
42.42666666666694;19160.0;19159.996199999958;19159.996199999958;19159.985908799958;19159.996199999958;
42.52666666666694;19160.0;19159.996199999958;19159.996199999958;19159.985908799958;19159.996199999958;
42.62666666666694;19160.0;19159.996199999958;19159.996199999958;19159.985908799958;19159.996199999958;
42.726666666666944;19160.0;19159.996199999958;19159.996199999958;19159.985908799958;19159.996199999958;
42.826666666666945;19160.0;19159.996199999958;19159.996199999958;19159.985908799958;19159.996199999958;
42.92666666666695;19160.0;19159.996199999958;19159.996199999958;19159.985808799956;19159.996199999958;
43.02666666666695;19160.0;19159.996099999957;19159.996099999957;19159.985808799956;19159.996099999957;
43.12666666666695;19160.0;19159.996099999957;19159.996099999957;19159.985808799956;19159.996099999957;
43.22666666666695;19160.0;19159.996099999957;19159.996099999957;19159.985808799956;19159.996099999957;
43.32666666666695;19160.0;19159.996099999957;19159.996099999957;19159.985808799956;19159.996099999957;
43.426666666666954;19160.0;19159.996099999957;19159.996099999957;19159.985808799956;19159.996099999957;
43.526666666666955;19160.0;19159.996099999957;19159.996099999957;19159.985808799956;19159.996099999957;
43.62666666666696;19160.0;19159.996099999957;19159.996099999957;19159.985808799956;19159.996099999957;
43.72666666666696;19160.0;19159.996099999957;19159.996099999957;19159.985808799956;19159.996099999957;
43.82666666666696;19160.0;19159.996099999957;19159.996099999957;19159.985808799956;19159.996099999957;
43.92666666666696;19160.0;19159.996099999957;19159.996099999957;19159.985808799956;19159.996099999957;
44.02666666666696;19160.0;19159.996099999957;19159.996099999957;19159.985708799955;19159.996099999957;
44.126666666666964;19160.0;19159.995999999956;19159.995999999956;19159.985708799955;19159.995999999956;
44.226666666666965;19160.0;19159.995999999956;19159.995999999956;19159.985708799955;19159.995999999956;
44.326666666666966;19160.0;19159.995999999956;19159.995999999956;19159.985708799955;19159.995999999956;
44.42666666666697;19160.0;19159.995999999956;19159.995999999956;19159.985708799955;19159.995999999956;
44.52666666666697;19160.0;19159.995999999956;19159.995999999956;19159.985708799955;19159.995999999956;
44.62666666666697;19160.0;19159.995999999956;19159.995999999956;19159.985708799955;19159.995999999956;
44.72666666666697;19160.0;19159.995999999956;19159.995999999956;19159.985708799955;19159.995999999956;
44.82666666666697;19160.0;19159.995999999956;19159.995999999956;19159.985708799955;19159.995999999956;
44.926666666666975;19160.0;19159.995999999956;19159.995999999956;19159.985708799955;19159.995999999956;
45.026666666666976;19160.0;19159.995999999956;19159.995999999956;19159.985708799955;19159.995999999956;
45.12666666666698;19160.0;19159.995999999956;19159.995999999956;19159.985608799954;19159.995999999956;
45.22666666666698;19160.0;19159.995899999954;19159.995899999954;19159.985608799954;19159.995899999954;
45.32666666666698;19160.0;19159.995899999954;19159.995899999954;19159.985608799954;19159.995899999954;
45.42666666666698;19160.0;19159.995899999954;19159.995899999954;19159.985608799954;19159.995899999954;
45.52666666666698;19160.0;19159.995899999954;19159.995899999954;19159.985608799954;19159.995899999954;
45.626666666666985;19160.0;19159.995899999954;19159.995899999954;19159.985608799954;19159.995899999954;
45.726666666666986;19160.0;19159.995899999954;19159.995899999954;19159.985608799954;19159.995899999954;
45.82666666666699;19160.0;19159.995899999954;19159.995899999954;19159.985608799954;19159.995899999954;
45.92666666666699;19160.0;19159.995899999954;19159.995899999954;19159.985608799954;19159.995899999954;
46.02666666666699;19160.0;19159.995899999954;19159.995899999954;19159.985608799954;19159.995899999954;
46.12666666666699;19160.0;19159.995899999954;19159.995899999954;19159.985608799954;19159.995899999954;
46.22666666666699;19160.0;19159.995899999954;19159.995899999954;19159.985508799953;19159.995899999954;
46.326666666666995;19160.0;19159.995799999953;19159.995799999953;19159.985508799953;19159.995799999953;
46.426666666666996;19160.0;19159.995799999953;19159.995799999953;19159.985508799953;19159.995799999953;
46.526666666667;19160.0;19159.995799999953;19159.995799999953;19159.985508799953;19159.995799999953;
46.626666666667;19160.0;19159.995799999953;19159.995799999953;19159.985508799953;19159.995799999953;
46.726666666667;19160.0;19159.995799999953;19159.995799999953;19159.985508799953;19159.995799999953;
46.826666666667;19160.0;19159.995799999953;19159.995799999953;19159.985508799953;19159.995799999953;
46.926666666667;19160.0;19159.995799999953;19159.995799999953;19159.985508799953;19159.995799999953;
47.026666666667005;19160.0;19159.995799999953;19159.995799999953;19159.985508799953;19159.995799999953;
47.126666666667006;19160.0;19159.995799999953;19159.995799999953;19159.985508799953;19159.995799999953;
47.22666666666701;19160.0;19159.995799999953;19159.995799999953;19159.985508799953;19159.995799999953;
47.32666666666701;19160.0;19159.995799999953;19159.995799999953;19159.985408799952;19159.995799999953;
47.42666666666701;19160.0;19159.995699999952;19159.995699999952;19159.985408799952;19159.995699999952;
47.52666666666701;19160.0;19159.995699999952;19159.995699999952;19159.985408799952;19159.995699999952;
47.62666666666701;19160.0;19159.995699999952;19159.995699999952;19159.985408799952;19159.995699999952;
47.726666666667015;19160.0;19159.995699999952;19159.995699999952;19159.985408799952;19159.995699999952;
47.826666666667016;19160.0;19159.995699999952;19159.995699999952;19159.985408799952;19159.995699999952;
47.92666666666702;19160.0;19159.995699999952;19159.995699999952;19159.985408799952;19159.995699999952;
48.02666666666702;19160.0;19159.995699999952;19159.995699999952;19159.985408799952;19159.995699999952;
48.12666666666702;19160.0;19159.995699999952;19159.995699999952;19159.985408799952;19159.995699999952;
48.22666666666702;19160.0;19159.995699999952;19159.995699999952;19159.985408799952;19159.995699999952;
48.32666666666702;19160.0;19159.995699999952;19159.995699999952;19159.985408799952;19159.995699999952;
48.426666666667025;19160.0;19159.995699999952;19159.995699999952;19159.98530879995;19159.995699999952;
48.526666666667026;19160.0;19159.99559999995;19159.99559999995;19159.98530879995;19159.99559999995;
48.62666666666703;19160.0;19159.99559999995;19159.99559999995;19159.98530879995;19159.99559999995;
48.72666666666703;19160.0;19159.99559999995;19159.99559999995;19159.98530879995;19159.99559999995;
48.82666666666703;19160.0;19159.99559999995;19159.99559999995;19159.98530879995;19159.99559999995;
48.92666666666703;19160.0;19159.99559999995;19159.99559999995;19159.98530879995;19159.99559999995;
49.02666666666703;19160.0;19159.99559999995;19159.99559999995;19159.98530879995;19159.99559999995;
49.126666666667035;19160.0;19159.99559999995;19159.99559999995;19159.98530879995;19159.99559999995;
49.226666666667036;19160.0;19159.99559999995;19159.99559999995;19159.98530879995;19159.99559999995;
49.32666666666704;19160.0;19159.99559999995;19159.99559999995;19159.98530879995;19159.99559999995;
49.42666666666704;19160.0;19159.99559999995;19159.99559999995;19159.98530879995;19159.99559999995;
49.52666666666704;19160.0;19159.99559999995;19159.99559999995;19159.98520879995;19159.99559999995;
49.62666666666704;19160.0;19159.99549999995;19159.99549999995;19159.98520879995;19159.99549999995;
49.72666666666704;19160.0;19159.99549999995;19159.99549999995;19159.98520879995;19159.99549999995;
49.826666666667045;19160.0;19159.99549999995;19159.99549999995;19159.98520879995;19159.99549999995;
49.926666666667046;19160.0;19159.99549999995;19159.99549999995;19159.98520879995;19159.99549999995;
50.02666666666705;19160.0;19159.99549999995;19159.99549999995;19159.98520879995;19159.99549999995;
50.12666666666705;19160.0;19159.99549999995;19159.99549999995;19159.98520879995;19159.99549999995;
50.22666666666705;19160.0;19159.99549999995;19159.99549999995;19159.98520879995;19159.99549999995;
50.32666666666705;19160.0;19159.99549999995;19159.99549999995;19159.98520879995;19159.99549999995;
50.42666666666705;19160.0;19159.99549999995;19159.99549999995;19159.98520879995;19159.99549999995;
50.526666666667055;19160.0;19159.99549999995;19159.99549999995;19159.98520879995;19159.99549999995;
50.626666666667056;19160.0;19159.99549999995;19159.99549999995;19159.98510879995;19159.99549999995;
50.72666666666706;19160.0;19159.99539999995;19159.99539999995;19159.98510879995;19159.99539999995;
50.82666666666706;19160.0;19159.99539999995;19159.99539999995;19159.98510879995;19159.99539999995;
50.92666666666706;19160.0;19159.99539999995;19159.99539999995;19159.98510879995;19159.99539999995;
51.02666666666706;19160.0;19159.99539999995;19159.99539999995;19159.98510879995;19159.99539999995;
51.12666666666706;19160.0;19159.99539999995;19159.99539999995;19159.98510879995;19159.99539999995;
51.226666666667064;19160.0;19159.99539999995;19159.99539999995;19159.98510879995;19159.99539999995;
51.326666666667066;19160.0;19159.99539999995;19159.99539999995;19159.98510879995;19159.99539999995;
51.42666666666707;19160.0;19159.99539999995;19159.99539999995;19159.98510879995;19159.99539999995;
51.52666666666707;19160.0;19159.99539999995;19159.99539999995;19159.98510879995;19159.99539999995;
51.62666666666707;19160.0;19159.99539999995;19159.99539999995;19159.98510879995;19159.99539999995;
51.72666666666707;19160.0;19159.99539999995;19159.99539999995;19159.985008799948;19159.99539999995;
51.82666666666707;19160.0;19159.995299999948;19159.995299999948;19159.985008799948;19159.995299999948;
51.926666666667074;19160.0;19159.995299999948;19159.995299999948;19159.985008799948;19159.995299999948;
52.026666666667076;19160.0;19159.995299999948;19159.995299999948;19159.985008799948;19159.995299999948;
52.12666666666708;19160.0;19159.995299999948;19159.995299999948;19159.985008799948;19159.995299999948;
52.22666666666708;19160.0;19159.995299999948;19159.995299999948;19159.985008799948;19159.995299999948;
52.32666666666708;19160.0;19159.995299999948;19159.995299999948;19159.985008799948;19159.995299999948;
52.42666666666708;19160.0;19159.995299999948;19159.995299999948;19159.985008799948;19159.995299999948;
52.52666666666708;19160.0;19159.995299999948;19159.995299999948;19159.985008799948;19159.995299999948;
52.626666666667084;19160.0;19159.995299999948;19159.995299999948;19159.985008799948;19159.995299999948;
52.726666666667086;19160.0;19159.995299999948;19159.995299999948;19159.985008799948;19159.995299999948;
52.82666666666709;19160.0;19159.995299999948;19159.995299999948;19159.984908799946;19159.995299999948;
52.92666666666709;19160.0;19159.995199999947;19159.995199999947;19159.984908799946;19159.995199999947;
53.02666666666709;19160.0;19159.995199999947;19159.995199999947;19159.984908799946;19159.995199999947;
53.12666666666709;19160.0;19159.995199999947;19159.995199999947;19159.984908799946;19159.995199999947;
53.22666666666709;19160.0;19159.995199999947;19159.995199999947;19159.984908799946;19159.995199999947;
53.326666666667094;19160.0;19159.995199999947;19159.995199999947;19159.984908799946;19159.995199999947;
53.426666666667096;19160.0;19159.995199999947;19159.995199999947;19159.984908799946;19159.995199999947;
53.5266666666671;19160.0;19159.995199999947;19159.995199999947;19159.984908799946;19159.995199999947;
53.6266666666671;19160.0;19159.995199999947;19159.995199999947;19159.984908799946;19159.995199999947;
53.7266666666671;19160.0;19159.995199999947;19159.995199999947;19159.984908799946;19159.995199999947;
53.8266666666671;19160.0;19159.995199999947;19159.995199999947;19159.984908799946;19159.995199999947;
53.9266666666671;19160.0;19159.995199999947;19159.995199999947;19159.984808799945;19159.995199999947;
54.026666666667104;19160.0;19159.995099999946;19159.995099999946;19159.984808799945;19159.995099999946;
54.126666666667106;19160.0;19159.995099999946;19159.995099999946;19159.984808799945;19159.995099999946;
54.22666666666711;19160.0;19159.995099999946;19159.995099999946;19159.984808799945;19159.995099999946;
54.32666666666711;19160.0;19159.995099999946;19159.995099999946;19159.984808799945;19159.995099999946;
54.42666666666711;19160.0;19159.995099999946;19159.995099999946;19159.984808799945;19159.995099999946;
54.52666666666711;19160.0;19159.995099999946;19159.995099999946;19159.984808799945;19159.995099999946;
54.62666666666711;19160.0;19159.995099999946;19159.995099999946;19159.984808799945;19159.995099999946;
54.726666666667114;19160.0;19159.995099999946;19159.995099999946;19159.984808799945;19159.995099999946;
54.826666666667116;19160.0;19159.995099999946;19159.995099999946;19159.984808799945;19159.995099999946;
54.92666666666712;19160.0;19159.995099999946;19159.995099999946;19159.984808799945;19159.995099999946;
55.02666666666712;19160.0;19159.995099999946;19159.995099999946;19159.984708799944;19159.995099999946;
55.12666666666712;19160.0;19159.994999999944;19159.994999999944;19159.984708799944;19159.994999999944;
55.22666666666712;19160.0;19159.994999999944;19159.994999999944;19159.984708799944;19159.994999999944;
55.32666666666712;19160.0;19159.994999999944;19159.994999999944;19159.984708799944;19159.994999999944;
55.426666666667124;19160.0;19159.994999999944;19159.994999999944;19159.984708799944;19159.994999999944;
